Series Name,Series Code,Country Name,Country Code,1990 [YR1990],1991 [YR1991],1992 [YR1992],1993 [YR1993],1994 [YR1994],1995 [YR1995],1996 [YR1996],1997 [YR1997],1998 [YR1998],1999 [YR1999],2000 [YR2000],2001 [YR2001],2002 [YR2002],2003 [YR2003],2004 [YR2004],2005 [YR2005],2006 [YR2006],2007 [YR2007],2008 [YR2008],2009 [YR2009],2010 [YR2010],2011 [YR2011],2012 [YR2012],2013 [YR2013],2014 [YR2014],2015 [YR2015],2016 [YR2016],2017 [YR2017],2018 [YR2018],2019 [YR2019],2020 [YR2020],2021 [YR2021],2022 [YR2022]
"Intentional homicides, male (per 100,000 male)",VC.IHR.PSRC.MA.P5,Afghanistan,AFG,..,..,..,..,..,..,..,..,..,..,..,..,..,..,..,..,..,..,..,..,..,..,..,..,..,18.51164351,12.19002986,12.28287499,12.15626027,..,..,..,..
"Intentional homicides, male (per 100,000 male)",VC.IHR.PSRC.MA.P5,Albania,ALB,..,..,6.943820897,10.51988996,6.043040955,14.16497761,14.93487873,71.3847217,35.66499182,29.33006243,7.479756325,11.58067218,11.4305494,9.448925625,7.362262423,8.817132019,4.812740929,5.45583869,5.018099063,5.320407925,7.401812896,8.528816912,9.032174882,7.181777345,8.432801802,3.320002601,4.291655361,3.118126048,3.538695637,3.614410516,3.626809656,3.786935773,..
"Intentional homicides, male (per 100,000 male)",VC.IHR.PSRC.MA.P5,Algeria,DZA,..,..,..,..,..,..,..,..,..,..,..,..,..,..,..,..,..,..,..,..,..,..,1.026532415,0.877596233,2.487979027,2.35705901,2.271808124,2.232684618,2.256279349,1.990172958,2.403661572,2.378069065,..
"Intentional homicides, male (per 100,000 male)",VC.IHR.PSRC.MA.P5,American Samoa,ASM,..,..,..,..,..,..,..,..,..,..,..,..,..,..,..,..,..,..,..,..,..,..,..,..,..,..,0,24.29100625,49.72238336,0,..,..,..
"Intentional homicides, male (per 100,000 male)",VC.IHR.PSRC.MA.P5,Andorra,AND,..,..,..,..,..,..,..,..,..,..,..,..,..,..,..,..,..,0,0,0,0,2.803279837,0,0,0,0,..,..,..,..,5.048528985,..,..
"Intentional homicides, male (per 100,000 male)",VC.IHR.PSRC.MA.P5,Angola,AGO,..,..,..,..,..,..,..,..,..,..,..,..,..,..,..,..,..,..,..,..,..,..,..,..,..,..,..,..,..,..,..,..,..
"Intentional homicides, male (per 100,000 male)",VC.IHR.PSRC.MA.P5,Antigua and Barbuda,ATG,0,3.255473264,3.208007186,12.64942129,12.46164151,15.32848953,6.029362998,2.964280421,..,..,..,17.36522954,10.33029393,..,..,..,..,..,27.94183019,..,..,..,..,..,..,9.334235643,16.21252302,41.41691881,20.58766341,4.549487045,18.08502221,24.71299229,..
"Intentional homicides, male (per 100,000 male)",VC.IHR.PSRC.MA.P5,Argentina,ARG,..,..,..,..,..,..,..,..,..,..,..,..,..,..,..,..,..,..,..,..,..,..,..,..,..,11.44735684,..,8.754652514,9.041722501,8.554003296,9.167151915,7.96347331,..
"Intentional homicides, male (per 100,000 male)",VC.IHR.PSRC.MA.P5,Armenia,ARM,9.02773728,8.926263204,..,12.90943085,8.22370823,6.127271999,5.804780141,5.047377424,5.047493659,4.662622305,4.353943315,4.713851893,3.382891444,4.49998616,4.248089839,3.300247764,3.756426235,4.581270121,5.105582889,5.251451534,3.384666211,3.858791961,3.438267771,3.310281735,3.935969348,4.112311805,5.28992021,4.555901881,3.035032446,4.942077673,2.84469843,3.74055361,..
"Intentional homicides, male (per 100,000 male)",VC.IHR.PSRC.MA.P5,Aruba,ABW,0,..,..,..,..,16.07480141,..,..,..,2.391400524,..,4.59638035,9.101354964,6.767884134,4.478029667,11.09410016,8.773661468,6.500471284,8.560910881,6.343500555,8.358146581,4.14014387,6.168777759,10.21930631,4.065784391,..,..,..,..,..,..,..,..
"Intentional homicides, male (per 100,000 male)",VC.IHR.PSRC.MA.P5,Australia,AUS,2.775979893,2.288495264,2.11517532,2.443378443,2.314011421,2.413969591,2.662370814,2.648180328,2.463203476,2.801046454,2.394177626,2.418295289,2.533532672,2.103446568,1.723523149,1.643829858,1.850559302,1.638638594,1.513684918,1.732866295,1.249853462,1.419905001,1.414573466,1.313455504,1.277262427,1.276442057,1.224220427,1.180448187,1.089575582,1.240170161,1.177559438,1.09576279,..
"Intentional homicides, male (per 100,000 male)",VC.IHR.PSRC.MA.P5,Austria,AUT,1.336609016,1.509695967,1.439214764,1.18955007,0.929898415,1.041523162,1.262165616,0.746155409,1.120350228,0.731141368,0.733729623,0.723901867,0.697403252,0.674916635,0.682447597,0.745667141,0.792330818,0.514617545,0.716140094,0.562909238,0.687565127,1.027315085,1.0460391,0.773062913,0.478723894,0.637332306,0.535822033,0.762920139,0.966005241,0.847079681,0.638853495,0.569332063,..
"Intentional homicides, male (per 100,000 male)",VC.IHR.PSRC.MA.P5,Azerbaijan,AZE,..,..,..,..,..,..,..,..,..,..,..,..,..,..,..,..,..,..,..,..,3.181321402,2.962225633,3.091392179,3.19499803,3.108416455,2.861559894,1.993388662,2.134609911,2.635572239,2.138150031,2.973798472,2.515116242,..
"Intentional homicides, male (per 100,000 male)",VC.IHR.PSRC.MA.P5,"Bahamas, The",BHS,..,..,..,20.49093453,32.17313701,22.68360678,29.12321502,25.76350641,..,..,36.22614486,23.50836212,24.40308555,26.67078852,25.14307608,26.00841727,32.6792618,40.32815597,37.53732404,43.22103349,44.8908902,60.83758557,54.27364228,54.89567131,59.26020837,68.83624387,54.66764438,60.57725951,45.67726933,45.93868476,31.87562337,57.94054685,..
"Intentional homicides, male (per 100,000 male)",VC.IHR.PSRC.MA.P5,Bahrain,BHR,..,..,..,..,..,..,..,..,..,..,..,..,..,..,..,..,..,..,..,..,0.132626083,1.459255594,1.045173032,1.270223547,1.110146243,0.35642174,0.342065311,0.548127214,0.53648414,0.321402343,0,0,..
"Intentional homicides, male (per 100,000 male)",VC.IHR.PSRC.MA.P5,Bangladesh,BGD,..,..,..,..,..,..,..,..,..,..,..,..,..,..,..,..,..,..,..,..,..,..,..,..,..,..,..,..,..,..,..,..,..
"Intentional homicides, male (per 100,000 male)",VC.IHR.PSRC.MA.P5,Barbados,BRB,18.47456334,9.616887254,14.385212,12.75408529,11.13528174,9.527855081,..,..,..,..,11.82405802,16.14995245,13.71371254,17.18219768,16.44302748,15.40201297,25.91377176,14.66100289,14.60375778,12.25180523,17.55169164,19.01155142,15.1612781,12.84924435,16.58262292,21.05112793,14.99986875,20.95110536,17.9189392,32.03635754,28.24690771,19.28304168,..
"Intentional homicides, male (per 100,000 male)",VC.IHR.PSRC.MA.P5,Belarus,BLR,..,..,..,..,..,..,..,..,..,..,..,..,..,..,..,..,..,9.375188366,8.127698702,6.388665402,5.878109742,5.698049453,4.773035472,5.132511975,4.997907684,4.682525861,4.478477407,3.253601163,3.169410104,3.088843188,..,..,..
"Intentional homicides, male (per 100,000 male)",VC.IHR.PSRC.MA.P5,Belgium,BEL,..,..,..,..,..,..,..,..,..,..,2.563481528,3.554054101,3.689782562,2.667803416,2.766264408,2.502499873,2.571283925,2.370200759,2.505304125,2.131866029,2.241589857,2.263949021,2.359375853,1.948225405,2.347790277,2.277757938,1.9210754,1.890449015,2.073361924,1.602710024,..,1.987847971,..
"Intentional homicides, male (per 100,000 male)",VC.IHR.PSRC.MA.P5,Belize,BLZ,..,..,..,..,..,..,..,..,..,..,..,..,..,..,47.45703313,..,..,..,..,55.96291185,70.00911747,67.82555509,77.48224119,51.42502203,62.69008226,60.78506677,66.5591619,69.46377676,64.46280132,59.71093782,45.77234546,56.65145194,..
"Intentional homicides, male (per 100,000 male)",VC.IHR.PSRC.MA.P5,Benin,BEN,..,..,..,..,..,..,..,..,..,..,..,..,..,..,..,..,..,..,..,..,..,..,..,..,..,..,..,..,..,..,..,..,..
"Intentional homicides, male (per 100,000 male)",VC.IHR.PSRC.MA.P5,Bermuda,BMU,3.527772388,10.52299274,0,..,..,..,10.2383837,..,..,..,..,..,..,..,0,6.523689146,..,..,..,16.22823388,22.68529021,19.41904685,19.41056582,16.1922342,9.739469199,13.02740641,26.10454872,16.28478838,..,0,..,..,..
"Intentional homicides, male (per 100,000 male)",VC.IHR.PSRC.MA.P5,Bhutan,BTN,..,..,..,..,..,..,..,..,..,..,..,..,..,..,..,..,..,..,..,..,..,..,..,..,..,2.530454014,1.254281805,2.239700179,1.729977671,1.473828491,3.41957585,..,..
"Intentional homicides, male (per 100,000 male)",VC.IHR.PSRC.MA.P5,Bolivia,BOL,..,..,..,..,..,..,..,..,..,..,..,..,..,..,..,..,..,..,13.86570453,..,..,..,..,..,..,5.987156116,7.009529164,8.367349974,5.760605193,4.834024365,3.905027397,3.763278555,..
"Intentional homicides, male (per 100,000 male)",VC.IHR.PSRC.MA.P5,Bosnia and Herzegovina,BIH,2.559047783,..,..,..,..,..,..,..,..,..,3.875067814,2.589812752,3.172619803,..,..,..,..,..,..,2.96012109,2.474099273,1.916592627,2.1757219,1.812365258,2.23466184,2.260977699,1.758428293,1.895708767,1.856024581,1.936455222,2.327212866,1.552633499,..
"Intentional homicides, male (per 100,000 male)",VC.IHR.PSRC.MA.P5,Botswana,BWA,..,..,..,..,..,..,..,..,..,..,..,..,..,..,..,..,..,..,..,..,..,..,..,..,..,..,..,..,..,..,..,..,..
"Intentional homicides, male (per 100,000 male)",VC.IHR.PSRC.MA.P5,Brazil,BRA,35.94277597,33.65520622,30.68950067,32.54325497,34.0931657,38.13797124,42.69487875,44.1195815,45.28786002,45.7470928,47.7478567,49.92677474,51.27118055,52.15093747,48.77683849,47.33116049,48.34971499,46.62764714,48.434802,49.12761147,49.35292553,48.78372574,52.36235562,52.31019808,54.68473181,52.93306968,55.469658,57.27962543,49.66791512,38.67468144,41.7830669,..,..
"Intentional homicides, male (per 100,000 male)",VC.IHR.PSRC.MA.P5,British Virgin Islands,VGB,0,..,0,0,0,22.03613927,21.486893,..,..,0,..,9.444654326,9.216165154,8.982708287,26.22606871,..,8.242324335,..,..,..,..,..,..,..,..,..,..,..,..,..,..,..,..
"Intentional homicides, male (per 100,000 male)",VC.IHR.PSRC.MA.P5,Brunei Darussalam,BRN,..,..,..,..,..,..,3.698304636,3.620936253,2.364988707,1.159225406,1.136903019,..,..,..,..,..,..,..,..,..,..,..,..,..,..,..,..,..,..,..,..,..,..
"Intentional homicides, male (per 100,000 male)",VC.IHR.PSRC.MA.P5,Bulgaria,BGR,4.071796796,6.637272983,8.566986709,9.525435202,9.480332357,10.1268516,8.735995558,7.554768177,7.078019288,6.075618319,6.01508387,6.3599291,5.163218895,5.115426787,4.93031077,3.902664883,3.52508976,3.732302609,3.669963922,3.117087426,3.295536795,2.684760491,2.868341208,2.083568892,2.407642754,2.738214808,1.622815534,1.952927273,1.564631675,1.753916972,1.270205874,1.796754971,..
"Intentional homicides, male (per 100,000 male)",VC.IHR.PSRC.MA.P5,Burkina Faso,BFA,..,..,..,..,..,..,..,..,..,..,..,..,..,..,..,..,..,..,..,..,..,..,..,..,..,..,..,..,..,..,..,..,..
"Intentional homicides, male (per 100,000 male)",VC.IHR.PSRC.MA.P5,Burundi,BDI,..,..,..,..,..,..,..,..,..,..,..,..,..,..,..,..,..,..,..,..,..,..,..,8.409415683,8.878637671,7.199559379,9.467691088,..,..,..,..,..,..
"Intentional homicides, male (per 100,000 male)",VC.IHR.PSRC.MA.P5,Cabo Verde,CPV,..,..,..,..,..,..,..,..,..,..,..,..,..,..,..,..,..,..,..,..,..,17.41167272,17.2426416,17.49051977,18.40237906,14.19849496,..,11.03269593,8.0961684,9.756964469,9.318538715,..,..
"Intentional homicides, male (per 100,000 male)",VC.IHR.PSRC.MA.P5,Cambodia,KHM,..,..,..,..,..,..,..,..,..,..,..,..,..,..,..,..,..,..,..,..,..,..,..,..,..,..,..,..,..,..,..,..,..
"Intentional homicides, male (per 100,000 male)",VC.IHR.PSRC.MA.P5,Cameroon,CMR,..,..,..,..,..,..,..,..,..,..,..,..,..,..,..,..,..,..,..,..,..,..,..,..,..,5.835734795,5.670794709,6.596567581,..,..,6.820267261,..,..
"Intentional homicides, male (per 100,000 male)",VC.IHR.PSRC.MA.P5,Canada,CAN,3.070559179,3.438982287,3.522585992,3.000903816,2.727561063,2.732693521,2.914175202,2.619825068,2.503028083,2.473339959,2.613155216,2.550660765,2.416324845,2.505573417,2.687508835,3.031282617,2.765951252,2.646199612,2.836671358,2.690871213,2.388297627,2.521588456,2.278783131,2.058256537,2.112050724,2.436700569,2.572649085,2.711813138,2.680698374,2.837809047,3.054198695,3.090716322,..
"Intentional homicides, male (per 100,000 male)",VC.IHR.PSRC.MA.P5,Cayman Islands,CYM,15.64822784,14.90146407,7.104543355,13.56346004,12.96848658,12.42236025,5.959653148,11.45606599,5.516632647,..,15.41029922,4.956383822,..,9.257330649,17.91913988,13.0177258,0,4.077721369,15.82654111,26.88894864,33.58647585,..,..,17.17504809,16.74873547,..,..,..,..,..,..,..,..
"Intentional homicides, male (per 100,000 male)",VC.IHR.PSRC.MA.P5,Central African Republic,CAF,..,..,..,..,..,..,..,..,..,..,..,..,..,..,..,..,..,..,..,..,..,..,..,..,..,..,29.79319079,..,..,..,..,..,..
"Intentional homicides, male (per 100,000 male)",VC.IHR.PSRC.MA.P5,Chad,TCD,..,..,..,..,..,..,..,..,..,..,..,..,..,..,..,..,..,..,..,..,..,..,..,..,..,..,..,..,..,..,..,..,..
"Intentional homicides, male (per 100,000 male)",VC.IHR.PSRC.MA.P5,Channel Islands,CHI,..,..,..,..,..,..,..,..,..,..,..,..,..,..,..,..,..,..,..,..,..,..,..,..,..,..,..,..,..,..,..,..,..
"Intentional homicides, male (per 100,000 male)",VC.IHR.PSRC.MA.P5,Chile,CHL,..,..,..,..,..,..,..,..,..,..,..,..,..,..,..,6.140307776,6.154960062,6.168319766,5.865323939,6.352192367,5.273772492,6.113728612,4.613497828,5.156442791,4.273237166,4.173270585,5.90730985,7.383937369,7.876051846,6.941502183,8.507345519,6.635644169,..
"Intentional homicides, male (per 100,000 male)",VC.IHR.PSRC.MA.P5,China,CHN,..,..,..,..,..,..,..,..,..,..,..,..,..,..,..,..,..,..,..,..,..,..,..,..,..,..,..,..,..,..,..,..,..
"Intentional homicides, male (per 100,000 male)",VC.IHR.PSRC.MA.P5,Colombia,COL,138.1598383,159.0009836,153.9349574,152.5941529,142.6481477,115.4109674,118.5384758,115.7212098,113.2795913,117.6963601,126.4256809,129.6212238,130.2913961,105.7219221,90.0090118,79.43925323,76.25571056,73.74464468,68.60450334,66.39160163,64.2053532,65.9534438,66.479855,62.09960742,52.77404124,50.33865583,48.32475631,46.94953472,48.62921169,47.72531719,45.23542799,51.50059267,..
"Intentional homicides, male (per 100,000 male)",VC.IHR.PSRC.MA.P5,Comoros,COM,..,..,..,..,..,..,..,..,..,..,..,..,..,..,..,..,..,..,..,..,..,..,..,..,..,..,..,..,..,..,..,..,..
"Intentional homicides, male (per 100,000 male)",VC.IHR.PSRC.MA.P5,"Congo, Dem. Rep.",COD,..,..,..,..,..,..,..,..,..,..,..,..,..,..,..,..,..,..,..,..,..,..,..,..,..,..,..,..,..,..,..,..,..
"Intentional homicides, male (per 100,000 male)",VC.IHR.PSRC.MA.P5,"Congo, Rep.",COG,..,..,..,..,..,..,..,..,..,..,..,..,..,..,..,..,..,..,..,..,..,..,..,..,..,..,..,..,..,..,..,..,..
"Intentional homicides, male (per 100,000 male)",VC.IHR.PSRC.MA.P5,Costa Rica,CRI,6.986006313,6.56894003,8.081657272,8.199655144,8.944912876,8.737049135,9.262184476,10.11759837,10.2275489,10.83641396,10.42169285,11.20672141,10.80526524,12.4466076,11.27888797,12.61653729,13.90384853,14.87911837,19.98392885,20.33232443,20.07737545,17.45076278,15.01640448,15.59622496,17.52901031,20.97700289,20.65108182,21.775098,20.55061391,20.22482544,19.8079873,20.63022227,..
"Intentional homicides, male (per 100,000 male)",VC.IHR.PSRC.MA.P5,Cote d'Ivoire,CIV,..,..,..,..,..,..,..,..,..,..,..,..,..,..,..,..,..,..,..,..,..,..,..,..,..,..,..,..,..,..,..,..,..
"Intentional homicides, male (per 100,000 male)",VC.IHR.PSRC.MA.P5,Croatia,HRV,3.974396712,13.36061347,12.61186274,7.024215538,4.821180441,5.203924122,3.634444418,3.812482877,3.141181895,3.720791732,3.152417382,2.455450564,1.925957622,2.19481309,2.158146134,1.928882116,1.980493086,1.795810657,2.225872021,1.186290562,1.42671059,1.335500023,1.57983631,1.201960927,0.91778284,1.068704849,1.173086177,1.377162175,0.79202706,0.946451045,1.053341727,0.961125751,..
"Intentional homicides, male (per 100,000 male)",VC.IHR.PSRC.MA.P5,Cuba,CUB,..,..,9.116394809,11.29825326,12.54895114,11.66315185,10.24230192,10.54469107,11.36822026,8.089268857,7.749097844,7.985026107,8.507128518,8.72245159,9.150813417,9.173141717,7.868360727,7.616309163,7.011009592,7.310974056,6.723220959,7.128110769,8.559185974,9.332146775,7.857969676,8.492535946,7.981658114,6.838462062,6.794201938,7.018127379,..,..,..
"Intentional homicides, male (per 100,000 male)",VC.IHR.PSRC.MA.P5,Curacao,CUW,..,..,..,..,..,..,..,..,..,..,..,12.2861443,50.43249687,61.9316637,50.70426736,29.41847039,21.74102096,32.84775778,..,..,..,..,..,..,..,..,..,..,..,..,..,..,..
"Intentional homicides, male (per 100,000 male)",VC.IHR.PSRC.MA.P5,Cyprus,CYP,..,..,..,..,..,..,..,..,..,..,..,..,..,..,2.340376567,3.450391044,2.073036858,1.853279564,1.276039174,2.152190347,1.235455817,0.522618038,2.932728386,1.538911374,1.017278475,2.017016899,1.332903472,1.156203984,1.473984179,0.81216691,1.613080144,1.444264625,..
"Intentional homicides, male (per 100,000 male)",VC.IHR.PSRC.MA.P5,Czechia,CZE,..,..,..,..,2.476395979,2.353436929,2.34980752,2.471192764,2.509521808,2.214979948,2.849755282,1.765858235,1.622880938,2.100068042,1.678986692,1.254168118,1.508075945,1.403236654,1.376939025,1.096105449,0.973827035,0.815082599,1.1043495,0.755302295,0.696863302,0.754064116,0.560205259,0.694815978,..,1.117690605,0.732532239,0.386366778,..
"Intentional homicides, male (per 100,000 male)",VC.IHR.PSRC.MA.P5,Denmark,DNK,0.631021324,0.983210114,1.175664682,1.756752615,1.943873378,1.548277319,1.620254568,1.765196277,1.064504086,0.892125105,0.984857065,1.241038334,1.240280942,1.385624817,0.970027457,1.300559965,0.66605402,0.810586107,1.350464335,1.204871845,0.726793968,1.121122048,1.115793043,1.253885253,1.533111008,1.370008743,1.164157701,1.788976851,1.325740099,1.353365221,1.311574315,1.098841855,..
"Intentional homicides, male (per 100,000 male)",VC.IHR.PSRC.MA.P5,Djibouti,DJI,..,..,..,..,..,..,..,..,..,..,..,..,..,..,..,..,..,..,..,..,..,..,..,..,..,..,..,..,..,..,..,..,..
"Intentional homicides, male (per 100,000 male)",VC.IHR.PSRC.MA.P5,Dominica,DMA,..,..,..,..,..,..,..,..,..,..,..,0,26.34737551,16.66166817,..,..,..,..,14.4246026,..,37.80623047,17.2823504,..,..,20.04208839,22.76381123,42.63846843,48.16000453,31.02786867,33.63888655,39.01623354,22.19786623,..
"Intentional homicides, male (per 100,000 male)",VC.IHR.PSRC.MA.P5,Dominican Republic,DOM,..,..,..,..,..,..,..,..,..,..,..,..,..,..,..,46.89708392,41.73009656,40.64897966,45.75937607,44.95397352,45.78981881,45.55285735,40.80247231,..,31.29729304,..,27.2668594,19.1216128,16.90974736,16.09893848,15.0701531,18.4514289,..
"Intentional homicides, male (per 100,000 male)",VC.IHR.PSRC.MA.P5,Ecuador,ECU,15.43579656,19.45751102,15.66529361,15.13726866,18.40310715,..,..,..,..,..,26.69987092,23.4709833,26.28939039,26.34631401,32.05437511,28.36495305,30.83870798,28.64858736,32.99978372,31.84143584,31.83153689,27.47290232,21.83468983,18.71869752,14.08306881,10.83920174,9.498760387,9.268684617,10.05916694,11.95696829,13.73128189,25.52089836,..
"Intentional homicides, male (per 100,000 male)",VC.IHR.PSRC.MA.P5,"Egypt, Arab Rep.",EGY,..,..,..,..,..,..,..,..,..,..,..,..,..,..,0.687261116,1.14544257,0.991362297,1.241277862,2.017094519,1.660664351,3.71697192,5.251375857,4.209383305,..,..,..,..,..,..,..,..,..,..
"Intentional homicides, male (per 100,000 male)",VC.IHR.PSRC.MA.P5,El Salvador,SLV,..,..,..,..,..,..,..,..,..,..,..,..,..,..,..,120.4174854,120.4958066,109.2335383,98.64732186,130.1512777,117.1871458,127.5925655,77.15538422,77.6738837,122.2547868,204.3311331,159.2548802,116.1992995,98.28628948,71.0767798,39.56722266,33.45869813,..
"Intentional homicides, male (per 100,000 male)",VC.IHR.PSRC.MA.P5,Equatorial Guinea,GNQ,..,..,..,..,..,..,..,..,..,..,..,..,..,..,..,..,..,..,..,..,..,..,..,..,..,..,..,..,..,..,..,..,..
"Intentional homicides, male (per 100,000 male)",VC.IHR.PSRC.MA.P5,Eritrea,ERI,..,..,..,..,..,..,..,..,..,..,..,..,..,..,..,..,..,..,..,..,..,..,..,..,..,..,..,..,..,..,..,..,..
"Intentional homicides, male (per 100,000 male)",VC.IHR.PSRC.MA.P5,Estonia,EST,..,..,..,..,34.92463691,31.60065641,24.94580511,21.00789206,23.64517112,17.77090717,18.03343048,16.58002606,17.10755372,16.82108884,11.85905595,13.41998258,10.57083297,12.32465846,10.79327896,7.792201003,8.640432265,8.240273448,7.453605358,5.523641184,5.206333505,5.569931652,3.888840728,3.390659701,3.68944202,3.187284012,5.080651371,3.491118673,..
"Intentional homicides, male (per 100,000 male)",VC.IHR.PSRC.MA.P5,Eswatini,SWZ,..,..,..,..,..,..,..,..,..,..,..,..,..,..,..,..,..,..,..,..,..,..,..,..,..,..,..,..,..,..,..,..,..
"Intentional homicides, male (per 100,000 male)",VC.IHR.PSRC.MA.P5,Ethiopia,ETH,..,..,..,..,..,..,..,..,..,..,..,..,..,..,..,..,..,..,..,..,..,..,..,..,..,..,..,..,..,..,..,..,..
"Intentional homicides, male (per 100,000 male)",VC.IHR.PSRC.MA.P5,Faroe Islands,FRO,..,..,..,..,..,..,..,..,..,..,..,..,..,..,..,..,..,..,..,..,..,..,..,..,..,..,..,..,..,..,..,..,..
"Intentional homicides, male (per 100,000 male)",VC.IHR.PSRC.MA.P5,Fiji,FJI,..,..,..,..,..,..,..,..,..,..,..,..,..,..,..,3.139587167,2.220652961,0.660125556,1.530340643,4.573579087,3.040559984,2.384007213,2.813012563,2.37726813,1.727363708,..,..,..,..,..,..,..,..
"Intentional homicides, male (per 100,000 male)",VC.IHR.PSRC.MA.P5,Finland,FIN,4.711723139,4.764568696,4.121914419,3.655388648,4.030027894,3.914136184,4.2905405,4.10325477,3.238074921,4.423045724,4.046236626,4.278286184,3.475846167,2.857224011,4.4966077,3.272040994,3.180707226,3.12709921,3.417535914,3.284503711,3.45779561,2.759431965,1.804797943,2.468687412,2.270945799,2.44746389,1.921021629,1.36243971,2.278405329,1.944412547,..,..,..
"Intentional homicides, male (per 100,000 male)",VC.IHR.PSRC.MA.P5,France,FRA,..,..,..,..,..,..,..,..,..,..,..,..,..,..,..,..,..,..,..,..,..,..,..,..,..,2.041537624,1.605879341,1.460268841,1.521649477,1.579897969,1.597373533,1.622042831,..
"Intentional homicides, male (per 100,000 male)",VC.IHR.PSRC.MA.P5,French Polynesia,PYF,..,..,..,..,..,..,..,..,..,..,..,..,..,..,..,..,..,..,..,..,..,..,..,..,..,..,..,..,..,..,..,..,..
"Intentional homicides, male (per 100,000 male)",VC.IHR.PSRC.MA.P5,Gabon,GAB,..,..,..,..,..,..,..,..,..,..,..,..,..,..,..,..,..,..,..,..,..,..,..,..,..,..,..,..,..,..,..,..,..
"Intentional homicides, male (per 100,000 male)",VC.IHR.PSRC.MA.P5,"Gambia, The",GMB,..,..,..,..,..,..,..,..,..,..,..,..,..,..,..,..,..,..,..,..,..,..,..,..,..,..,..,..,..,..,..,..,..
"Intentional homicides, male (per 100,000 male)",VC.IHR.PSRC.MA.P5,Georgia,GEO,..,..,..,..,..,..,..,..,..,..,..,..,..,..,14.2206735,17.92811638,15.14086175,15.60683053,12.11017618,9.783681934,8.822232025,..,..,..,4.18530006,..,0.281405248,3.884087569,3.941017605,..,..,..,..
"Intentional homicides, male (per 100,000 male)",VC.IHR.PSRC.MA.P5,Germany,DEU,1.437667641,1.746727365,1.776020435,2.02910652,3.237948491,3.402134495,3.176165929,2.903439964,2.518104808,2.042447866,2.065050711,1.73798602,1.762093519,1.541505769,1.653873738,1.507519906,1.38061573,1.257922655,1.170149969,1.049628011,1.00461712,1.001988559,0.906679421,0.881560756,0.93569705,0.877944105,1.21705624,1.062555397,1.029469997,0.845855004,1.033674174,0.86990348,..
"Intentional homicides, male (per 100,000 male)",VC.IHR.PSRC.MA.P5,Ghana,GHA,..,..,..,..,..,..,..,..,..,..,..,..,..,..,..,..,..,..,..,..,..,..,..,..,..,..,..,..,..,..,2.987179814,3.102428953,..
"Intentional homicides, male (per 100,000 male)",VC.IHR.PSRC.MA.P5,Gibraltar,GIB,..,..,..,..,..,..,..,..,..,..,..,..,..,..,..,..,..,..,..,..,..,..,..,..,..,..,..,..,..,..,..,..,..
"Intentional homicides, male (per 100,000 male)",VC.IHR.PSRC.MA.P5,Greece,GRC,1.393087816,1.867367318,2.056943562,2.109258294,1.944664256,2.016820519,2.140660728,3.031586838,2.445333065,2.089838829,..,1.747920641,1.275580131,1.608993296,1.470597894,1.58619897,1.595635936,1.726889986,2.023646584,2.322502729,2.605725954,2.800530037,2.351967926,1.91847559,1.498724726,1.18746344,1.099731315,1.201516543,1.342926304,1.138521279,1.145411549,1.094415413,..
"Intentional homicides, male (per 100,000 male)",VC.IHR.PSRC.MA.P5,Greenland,GRL,..,..,..,..,..,..,..,..,..,..,..,..,..,..,..,..,..,..,..,..,..,..,..,..,..,..,..,..,..,..,..,..,..
"Intentional homicides, male (per 100,000 male)",VC.IHR.PSRC.MA.P5,Grenada,GRD,..,..,..,..,..,..,..,..,..,..,..,..,..,..,..,14.3886186,16.07918103,15.97174775,24.67264685,6.999308818,13.89805775,5.173885674,15.40396909,6.791517395,8.422258344,6.686782738,13.27635564,16.47948716,18.00607296,24.39698779,17.76586209,6.414728216,..
"Intentional homicides, male (per 100,000 male)",VC.IHR.PSRC.MA.P5,Guam,GUM,..,..,..,..,..,..,..,..,..,..,..,..,..,..,..,..,..,..,..,..,..,..,..,..,..,..,..,..,..,..,..,..,..
"Intentional homicides, male (per 100,000 male)",VC.IHR.PSRC.MA.P5,Guatemala,GTM,..,..,..,..,..,..,..,..,..,..,..,..,..,..,62.84443471,73.94663063,79.36744656,76.40259324,80.8479442,81.72725995,73.03456394,68.68060397,61.1232389,60.18740544,56.11156129,..,..,56.49443334,49.29513292,43.45781128,31.14576766,34.12883146,..
"Intentional homicides, male (per 100,000 male)",VC.IHR.PSRC.MA.P5,Guinea,GIN,..,..,..,..,..,..,..,..,..,..,..,..,..,..,..,..,..,..,..,..,..,..,..,..,..,..,..,..,..,..,..,..,..
"Intentional homicides, male (per 100,000 male)",VC.IHR.PSRC.MA.P5,Guinea-Bissau,GNB,..,..,..,..,..,..,..,..,..,..,..,..,..,..,..,..,..,..,..,..,..,..,..,..,..,..,..,..,..,..,..,..,..
"Intentional homicides, male (per 100,000 male)",VC.IHR.PSRC.MA.P5,Guyana,GUY,..,..,..,..,..,..,..,..,..,..,..,..,..,..,..,30.07467225,34.37902879,23.07839226,31.95245475,23.53680635,29.30233558,25.9536619,30.31114936,33.74634358,..,32.56005446,35.44490063,25.18203396,22.79556523,30.03912724,30.26420911,30.99313959,..
"Intentional homicides, male (per 100,000 male)",VC.IHR.PSRC.MA.P5,Haiti,HTI,..,..,..,..,..,..,..,..,..,..,..,..,..,..,..,..,..,..,..,..,..,..,..,19.00574458,17.28363007,18.71842636,17.84128029,..,12.53720438,..,21.28306937,24.34402246,..
"Intentional homicides, male (per 100,000 male)",VC.IHR.PSRC.MA.P5,Honduras,HND,..,..,..,..,..,..,..,..,..,..,..,..,..,..,..,..,74.25042311,81.42994754,101.1098955,117.4155598,136.8783924,151.809247,147.6502008,131.1123585,116.8944132,99.37273994,97.85400726,71.21155308,67.77358128,73.4330539,64.38514678,69.47036552,..
"Intentional homicides, male (per 100,000 male)",VC.IHR.PSRC.MA.P5,"Hong Kong SAR, China",HKG,..,..,..,..,..,..,..,..,..,..,..,..,..,0.896472381,0.74761671,0.629270707,0.510115822,0.20973079,0.328629647,0.655930085,0.476559313,0.237801843,0.443681509,0.735299416,0.409968981,0.37946006,0.494629632,0.261006007,0.925823592,0.31774684,0.375485315,0.31823165,..
"Intentional homicides, male (per 100,000 male)",VC.IHR.PSRC.MA.P5,Hungary,HUN,2.643435712,3.836226459,3.8386512,3.639619125,4.334855217,4.015908257,3.20251742,3.612544352,3.588959793,3.033650629,2.4221997,3.491316083,2.402431446,2.850983898,2.524346909,1.830057431,2.085010343,1.908645514,2.332164275,1.598881456,1.623135199,2.177002568,1.39806309,1.762167849,1.680849097,2.535943807,2.562865489,2.481932972,0.919979341,0.705340259,0.877473271,1.052793512,..
"Intentional homicides, male (per 100,000 male)",VC.IHR.PSRC.MA.P5,Iceland,ISL,..,..,..,..,..,..,0.741504215,..,..,0.719548699,..,..,..,..,..,2.009087774,..,1.258879031,..,0.620541795,1.249133414,1.247508881,0,0.615365681,0,1.80354035,0,0.573310668,1.109111629,0.540575605,0.531667442,0.526807939,..
"Intentional homicides, male (per 100,000 male)",VC.IHR.PSRC.MA.P5,India,IND,..,..,..,..,..,..,..,..,..,6.152895917,6.014203113,5.632921063,5.492781899,5.163633457,5.208588745,4.992153133,4.844795082,4.641382383,4.646595242,4.419392607,4.456127458,4.445866881,4.405777562,4.190924767,4.303460539,3.991554521,3.536491135,3.3861702,3.358774526,3.253498328,3.365833136,3.347213963,..
"Intentional homicides, male (per 100,000 male)",VC.IHR.PSRC.MA.P5,Indonesia,IDN,..,..,..,..,..,..,..,..,..,..,..,..,..,..,..,..,..,..,..,..,..,..,..,..,..,..,..,..,..,..,..,..,..
"Intentional homicides, male (per 100,000 male)",VC.IHR.PSRC.MA.P5,"Iran, Islamic Rep.",IRN,..,..,..,..,..,..,..,..,..,..,..,..,..,..,..,..,..,..,..,..,..,..,..,4.382042555,4.220746238,..,..,..,..,..,..,..,..
"Intentional homicides, male (per 100,000 male)",VC.IHR.PSRC.MA.P5,Iraq,IRQ,..,..,..,..,..,..,..,..,..,..,..,..,..,..,..,..,..,..,27.31947263,10.63578033,14.1999165,13.29764519,12.96506094,15.81997012,..,..,..,..,..,..,..,..,..
"Intentional homicides, male (per 100,000 male)",VC.IHR.PSRC.MA.P5,Ireland,IRL,0.84780461,0.880141052,1.119752296,0.964477171,1.131096966,2.061428119,1.350890886,1.47234401,1.725596442,1.723501015,1.559862243,2.322981699,2.125590171,1.463194376,1.246010896,2.129521272,2.160687593,3.06655375,1.847878837,1.932190319,2.12547236,1.7970325,1.738676454,1.899193131,..,0.996516741,1.371127021,1.015923543,1.211203381,0.989633996,1.101898469,0.607061583,..
"Intentional homicides, male (per 100,000 male)",VC.IHR.PSRC.MA.P5,Isle of Man,IMN,..,..,..,..,..,..,..,..,..,..,..,..,..,..,..,..,..,..,..,..,..,..,..,..,..,..,..,..,..,..,..,..,..
"Intentional homicides, male (per 100,000 male)",VC.IHR.PSRC.MA.P5,Israel,ISR,..,..,..,4.145344098,4.204166913,..,..,..,..,3.909054627,3.814900371,5.040309468,5.454770779,4.225385175,3.931705658,3.649605315,3.436724422,3.143158653,2.601579902,3.28565114,3.253726861,3.058591102,2.763725151,2.400352121,2.17733692,2.161777906,1.996847446,2.41894947,2.137901792,2.635519337,2.337170264,3.290398886,..
"Intentional homicides, male (per 100,000 male)",VC.IHR.PSRC.MA.P5,Italy,ITA,5.764670831,6.196907561,4.574967221,3.175840957,2.950761201,2.947237078,2.674654378,2.467930061,2.520553507,2.314428866,2.087869597,1.950618593,1.668904841,1.876135315,..,1.68052506,1.577921692,1.690272766,1.629102583,1.445874269,1.293473839,1.328415248,1.260963709,1.105574132,1.121977148,1.140238652,0.866839745,0.836533044,0.748009677,0.708140837,0.583001541,0.637267905,..
"Intentional homicides, male (per 100,000 male)",VC.IHR.PSRC.MA.P5,Jamaica,JAM,..,..,..,..,..,..,..,..,..,..,..,..,..,..,..,112.1689771,89.13033774,107.0460664,108.1915675,113.1422881,96.05251461,74.46205024,71.22514927,77.90301365,65.46985836,78.76750829,87.58259815,106.6303344,83.09369279,86.77864358,87.16349621,95.5842023,..
"Intentional homicides, male (per 100,000 male)",VC.IHR.PSRC.MA.P5,Japan,JPN,0.611316494,0.55881375,0.606382088,0.647382205,0.722350474,0.623443137,0.583389548,0.64372656,0.676536904,0.641729846,0.560318437,0.614137656,0.557152534,0.607937615,0.586665116,0.519143247,0.472561176,0.467606312,0.504390241,0.405163422,0.365296654,0.333608943,0.303573472,0.287966589,0.304597864,0.234145106,0.267032079,0.215858341,0.252441307,0.225642577,0.215171724,0.249308357,..
"Intentional homicides, male (per 100,000 male)",VC.IHR.PSRC.MA.P5,Jordan,JOR,..,..,..,..,..,..,..,..,..,..,..,..,..,..,..,..,..,2.489089242,2.635712855,1.891864738,2.188412496,3.092334227,3.671006552,..,..,..,1.881511732,1.882379516,1.251018177,1.709984935,1.463644869,1.435947776,..
"Intentional homicides, male (per 100,000 male)",VC.IHR.PSRC.MA.P5,Kazakhstan,KAZ,..,..,..,..,..,..,..,..,..,..,..,..,..,..,..,..,..,..,18.75519778,17.3680663,13.17687177,13.57714197,12.13863647,10.14649301,8.328899682,7.0584944,..,7.906582475,..,..,4.999967654,..,..
"Intentional homicides, male (per 100,000 male)",VC.IHR.PSRC.MA.P5,Kenya,KEN,..,..,..,..,..,..,..,..,..,..,..,..,..,..,..,..,..,..,..,..,..,..,..,..,7.828577085,7.090274539,7.250743554,8.367216127,4.567318861,4.669163456,5.46920801,7.953062623,..
"Intentional homicides, male (per 100,000 male)",VC.IHR.PSRC.MA.P5,Kiribati,KIR,..,..,..,..,..,..,..,..,..,..,..,..,..,..,..,..,..,..,..,..,..,..,..,..,..,..,..,..,..,..,..,..,..
"Intentional homicides, male (per 100,000 male)",VC.IHR.PSRC.MA.P5,"Korea, Dem. People's Rep.",PRK,..,..,..,..,..,..,..,..,..,..,..,..,..,..,..,..,..,..,..,..,..,..,..,..,..,..,..,..,..,..,..,..,..
"Intentional homicides, male (per 100,000 male)",VC.IHR.PSRC.MA.P5,"Korea, Rep.",KOR,..,..,..,..,..,..,..,..,..,..,..,..,..,..,..,..,..,..,..,..,..,0.758244194,0.871662313,0.678926292,0.727383488,0.693083485,0.630404993,0.570167111,0.588053723,0.532932445,0.633166717,0.54858116,..
"Intentional homicides, male (per 100,000 male)",VC.IHR.PSRC.MA.P5,Kosovo,XKX,..,..,..,..,..,..,..,..,..,..,..,..,..,..,..,..,..,..,9.617694395,6.873446546,9.593230303,5.900637714,8.737396444,4.105620983,4.846973713,3.646004833,3.434958489,4.05200693,4.103817195,2.496205174,3.481223302,..,..
"Intentional homicides, male (per 100,000 male)",VC.IHR.PSRC.MA.P5,Kuwait,KWT,..,..,..,..,..,..,..,..,..,..,..,..,..,1.935560357,2.511979986,1.89400755,2.815869228,3.226788662,1.766355635,2.311109723,2.80489759,2.683705213,2.631275495,..,..,..,..,0.917082211,0.866015862,0.438240661,1.085711291,..,..
"Intentional homicides, male (per 100,000 male)",VC.IHR.PSRC.MA.P5,Kyrgyz Republic,KGZ,..,..,..,..,..,..,..,..,..,..,14.55001609,12.9516269,13.43469786,13.12492879,13.21302276,15.3036969,14.05990069,12.38762033,12.69295699,10.91963001,..,..,..,..,..,..,..,5.583308845,4.969661021,3.497272443,2.974650401,..,..
"Intentional homicides, male (per 100,000 male)",VC.IHR.PSRC.MA.P5,Lao PDR,LAO,..,..,..,..,..,..,..,..,..,..,..,..,..,..,..,..,..,..,..,..,..,..,..,..,..,..,..,..,..,..,..,..,..
"Intentional homicides, male (per 100,000 male)",VC.IHR.PSRC.MA.P5,Latvia,LVA,..,..,..,..,..,..,..,..,..,..,..,..,..,..,..,..,..,..,..,..,..,..,3.522090713,2.801672814,2.981603043,4.115687305,3.863987635,4.894906905,4.598087868,2.600334765,3.192301992,2.419360413,..
"Intentional homicides, male (per 100,000 male)",VC.IHR.PSRC.MA.P5,Lebanon,LBN,..,..,..,..,..,..,..,..,..,..,..,..,..,..,..,..,..,..,..,..,2.784648034,4.074644288,6.53558793,5.921458764,4.619329552,4.033130275,3.461377337,3.329063255,2.404121076,2.736198322,5.639880871,..,..
"Intentional homicides, male (per 100,000 male)",VC.IHR.PSRC.MA.P5,Lesotho,LSO,..,..,..,..,..,..,..,..,..,..,..,..,..,..,..,..,..,..,..,..,..,..,..,..,..,..,..,..,..,..,..,..,..
"Intentional homicides, male (per 100,000 male)",VC.IHR.PSRC.MA.P5,Liberia,LBR,..,..,..,..,..,..,..,..,..,..,..,..,..,..,..,..,..,..,..,..,..,..,..,..,..,..,..,..,..,..,..,..,..
"Intentional homicides, male (per 100,000 male)",VC.IHR.PSRC.MA.P5,Libya,LBY,..,..,..,..,..,..,..,..,..,..,..,..,..,..,..,..,..,..,..,..,..,..,..,..,..,..,..,..,..,..,..,..,..
"Intentional homicides, male (per 100,000 male)",VC.IHR.PSRC.MA.P5,Liechtenstein,LIE,..,..,..,..,..,..,..,..,..,..,..,..,..,..,..,..,..,..,..,0,5.629362756,0,0,0,5.441436539,0,0,0,0,..,0,5.167024052,..
"Intentional homicides, male (per 100,000 male)",VC.IHR.PSRC.MA.P5,Lithuania,LTU,..,..,..,17.76981108,19.39133598,19.93485537,16.5958509,16.0043083,12.8624295,12.85929897,16.02919532,15.96863569,13.7115867,14.97980298,13.47454402,17.4816523,13.9177026,13.62079184,14.64702525,12.86674501,9.981893953,10.17004669,10.56221089,9.881122223,7.660595163,8.964090074,7.860520572,5.47763091,5.591817456,5.405872129,5.449595405,3.82339728,..
"Intentional homicides, male (per 100,000 male)",VC.IHR.PSRC.MA.P5,Luxembourg,LUX,..,..,..,..,..,..,0.984215642,..,..,..,..,2.298559952,..,..,0.44164832,..,2.136564959,1.681937255,..,2.02162737,1.982309867,1.548844755,0,0,0.718172825,..,..,..,..,0.962059577,0.315256027,..,..
"Intentional homicides, male (per 100,000 male)",VC.IHR.PSRC.MA.P5,"Macao SAR, China",MAC,..,..,..,..,3.719862471,..,..,..,..,..,..,..,..,..,..,..,..,..,0.394125947,0.767813268,0.74806485,0.365219424,1.075611934,0,0,0,0.336909629,0,0.325728125,0.640294023,0,0,..
"Intentional homicides, male (per 100,000 male)",VC.IHR.PSRC.MA.P5,Madagascar,MDG,..,..,..,..,..,..,..,..,..,..,..,..,..,..,..,..,..,..,..,..,..,..,..,..,..,..,..,..,..,..,..,..,..
"Intentional homicides, male (per 100,000 male)",VC.IHR.PSRC.MA.P5,Malawi,MWI,..,..,..,..,..,..,..,..,..,..,..,..,..,..,..,..,..,..,..,..,..,..,..,..,..,..,..,..,..,..,..,..,..
"Intentional homicides, male (per 100,000 male)",VC.IHR.PSRC.MA.P5,Malaysia,MYS,..,..,..,..,..,..,..,..,..,..,..,..,..,..,..,..,..,..,..,..,..,..,..,..,..,..,..,..,..,..,..,..,..
"Intentional homicides, male (per 100,000 male)",VC.IHR.PSRC.MA.P5,Maldives,MDV,..,..,..,..,..,..,..,..,..,..,..,..,..,..,..,..,..,..,..,..,..,..,..,..,..,1.596854197,5.349248622,10.63718577,..,..,..,..,..
"Intentional homicides, male (per 100,000 male)",VC.IHR.PSRC.MA.P5,Mali,MLI,..,..,..,..,..,..,..,..,..,..,..,..,..,..,..,..,..,..,..,..,..,..,..,..,..,..,..,..,..,..,..,..,..
"Intentional homicides, male (per 100,000 male)",VC.IHR.PSRC.MA.P5,Malta,MLT,..,..,..,..,..,..,..,..,..,..,..,..,..,..,1.478218451,0.982484753,0,1.468328162,2.439327819,0.485158987,1.442304225,0,4.194142181,3.19419569,2.227047492,0.867082722,1.263328112,2.860534634,1.586366764,0.770315136,2.247940325,0.729989616,..
"Intentional homicides, male (per 100,000 male)",VC.IHR.PSRC.MA.P5,Marshall Islands,MHL,..,..,..,..,..,..,..,..,..,..,..,..,..,..,..,..,..,..,..,..,..,..,..,..,..,..,..,..,..,..,..,..,..
"Intentional homicides, male (per 100,000 male)",VC.IHR.PSRC.MA.P5,Mauritania,MRT,..,..,..,..,..,..,..,..,..,..,..,..,..,..,..,..,..,..,..,..,..,..,..,..,..,..,..,..,..,..,..,..,..
"Intentional homicides, male (per 100,000 male)",VC.IHR.PSRC.MA.P5,Mauritius,MUS,2.846610624,4.420267613,3.954762399,2.651836028,2.675832881,3.433220008,4.432322628,3.235891429,4.07273985,2.197053972,2.40781961,..,..,4.524548171,4.492600847,3.804479873,5.923317314,5.176465716,4.802303359,3.4595329,3.923322583,3.76005521,2.815956146,3.750788252,1.718137913,2.342286071,1.717613423,3.1227092,3.591289406,3.278568234,3.744900499,3.432429122,..
"Intentional homicides, male (per 100,000 male)",VC.IHR.PSRC.MA.P5,Mexico,MEX,32.25393041,33.15569341,35.83463082,34.03782735,33.12830482,31.91113184,29.04607162,26.67312601,26.11648848,22.97461737,19.73209073,18.50679047,17.83205602,17.49117186,15.9625925,16.70337901,17.49032183,14.67821349,23.42728496,32.87875054,42.269956,43.40748061,40.55819875,35.31386754,30.10214297,31.09744072,36.4315602,47.43656247,53.99178005,53.16468943,52.50420252,50.5414681,..
"Intentional homicides, male (per 100,000 male)",VC.IHR.PSRC.MA.P5,"Micronesia, Fed. Sts.",FSM,..,..,..,..,..,..,..,..,..,..,..,..,..,..,..,..,..,..,..,..,..,..,..,..,..,..,..,..,..,0,..,..,..
"Intentional homicides, male (per 100,000 male)",VC.IHR.PSRC.MA.P5,Moldova,MDA,..,9.155148713,17.64319499,12.95967116,14.07628959,14.64383193,13.73662506,14.81863489,13.81151012,14.37085761,15.53272143,14.61826558,13.97069229,10.91625164,9.633486695,10.34052237,9.953579395,8.104534351,8.015196813,9.830209808,9.329289878,7.551278449,9.958719309,9.852101484,9.072577787,9.110904084,9.909626811,6.941380046,8.366831337,6.156731439,4.571898044,..,..
"Intentional homicides, male (per 100,000 male)",VC.IHR.PSRC.MA.P5,Monaco,MCO,..,..,..,..,..,..,..,..,..,..,..,..,..,..,..,..,..,..,..,..,..,..,..,0,..,0,..,..,..,..,..,..,..
"Intentional homicides, male (per 100,000 male)",VC.IHR.PSRC.MA.P5,Mongolia,MNG,..,..,..,..,..,..,..,..,..,..,..,..,..,..,..,..,..,17.62426178,12.43029882,12.04667333,12.77506308,15.07447964,10.21867239,10.52946235,11.01711533,11.06103486,9.630500926,9.489158312,9.603560568,10.2733681,10.08499203,9.810636656,..
"Intentional homicides, male (per 100,000 male)",VC.IHR.PSRC.MA.P5,Montenegro,MNE,..,..,..,..,..,..,..,..,..,..,..,..,..,..,..,..,..,2.930746461,6.186204763,4.660426528,2.602946535,5.848314223,4.53785217,2.911843925,5.173339196,4.528633905,8.094858793,3.566466782,3.896869353,5.85588663,4.892120588,4.249949328,..
"Intentional homicides, male (per 100,000 male)",VC.IHR.PSRC.MA.P5,Morocco,MAR,..,..,..,..,..,..,..,..,..,..,..,..,..,..,..,..,..,..,..,2.357967382,..,..,1.951338977,2.13645132,1.718849924,1.914632389,2.768179958,3.623867901,2.432643421,2.789661722,2.024362061,3.305534874,..
"Intentional homicides, male (per 100,000 male)",VC.IHR.PSRC.MA.P5,Mozambique,MOZ,..,..,..,..,..,..,..,..,..,..,..,..,..,..,..,..,..,..,..,..,..,..,..,..,..,..,..,..,..,..,..,..,..
"Intentional homicides, male (per 100,000 male)",VC.IHR.PSRC.MA.P5,Myanmar,MMR,..,..,..,..,..,..,..,..,..,..,..,..,..,..,..,..,..,..,..,3.056209182,2.636024811,3.842234782,4.768302971,4.075878775,4.019386632,4.19467147,4.20910363,4.354794342,4.519078159,4.719317637,4.927427469,49.77098904,..
"Intentional homicides, male (per 100,000 male)",VC.IHR.PSRC.MA.P5,Namibia,NAM,..,..,..,..,..,..,..,..,..,..,..,..,..,..,..,..,..,..,..,..,..,..,..,..,..,..,..,..,30.64055105,18.28373306,18.22478146,18.50690242,..
"Intentional homicides, male (per 100,000 male)",VC.IHR.PSRC.MA.P5,Nauru,NRU,..,..,..,..,..,..,..,..,..,..,..,..,..,..,..,..,..,..,..,..,..,..,..,..,..,..,..,..,..,..,..,..,..
"Intentional homicides, male (per 100,000 male)",VC.IHR.PSRC.MA.P5,Nepal,NPL,..,..,..,..,..,..,..,..,..,..,..,..,..,..,..,..,..,..,..,..,..,..,..,..,..,..,..,..,..,..,..,..,..
"Intentional homicides, male (per 100,000 male)",VC.IHR.PSRC.MA.P5,Netherlands,NLD,1.245783379,1.587111044,1.870080436,1.817899181,1.581965175,1.545608821,1.887805997,1.876496749,1.659319462,1.841392313,1.525844467,1.694810213,1.686599695,1.616392273,1.721804331,1.453900361,0.977842098,1.18351256,1.2643794,1.270688473,1.094150429,1.124640931,1.142717611,0.825658153,1.106748973,0.733761503,0.729864882,1.042194778,0.745694734,0.776878068,0.727320921,0.885413774,..
"Intentional homicides, male (per 100,000 male)",VC.IHR.PSRC.MA.P5,New Caledonia,NCL,..,..,..,..,..,..,..,..,..,..,..,..,..,..,..,..,..,..,..,..,..,..,..,..,..,..,..,..,..,..,..,..,..
"Intentional homicides, male (per 100,000 male)",VC.IHR.PSRC.MA.P5,New Zealand,NZL,..,..,..,..,..,1.531379334,1.727831557,1.944296782,1.467068387,1.826397855,1.648513643,1.563430357,1.726142989,1.514428281,1.652366817,1.692223464,1.547302137,1.404032672,1.343610998,1.995561776,0.963293953,1.120289184,0.92748397,1.561538391,1.325950387,1.421261134,1.22140921,0.942773236,2.097683235,3.915600855,..,..,..
"Intentional homicides, male (per 100,000 male)",VC.IHR.PSRC.MA.P5,Nicaragua,NIC,..,..,..,..,..,..,..,..,..,..,..,..,..,..,..,..,..,..,24.19442468,24.88538195,24.50539483,23.32018322,20.49277733,17.54495646,..,14.75699451,12.86346842,11.67937151,19.07959774,14.06678526,..,19.13716847,..
"Intentional homicides, male (per 100,000 male)",VC.IHR.PSRC.MA.P5,Niger,NER,..,..,..,..,..,..,..,..,..,..,..,..,..,..,..,..,..,..,..,..,..,..,..,..,..,..,..,..,..,..,..,..,..
"Intentional homicides, male (per 100,000 male)",VC.IHR.PSRC.MA.P5,Nigeria,NGA,..,..,..,..,..,..,..,..,..,..,..,..,..,..,..,..,..,..,..,..,..,..,..,..,..,..,..,..,..,..,..,..,..
"Intentional homicides, male (per 100,000 male)",VC.IHR.PSRC.MA.P5,North Macedonia,MKD,..,..,..,..,..,..,..,..,3.772530184,2.876845556,3.455238086,..,4.960867375,5.113841191,3.536850615,3.335341811,3.5542662,2.975352087,2.492768574,2.201912505,2.676123578,2.481711694,1.716501636,1.42884427,2.378473106,2.185839089,1.234407299,2.562051463,1.517390241,1.896387098,..,..,..
"Intentional homicides, male (per 100,000 male)",VC.IHR.PSRC.MA.P5,Northern Mariana Islands,MNP,..,..,..,..,..,..,..,..,..,..,..,..,..,..,..,..,..,..,..,..,..,..,..,..,..,..,..,..,..,..,..,..,..
"Intentional homicides, male (per 100,000 male)",VC.IHR.PSRC.MA.P5,Norway,NOR,1.692210704,1.653721122,1.569654074,0.97576378,0.814648834,1.212340232,1.055695043,1.19110862,1.168915838,0.9437344,1.18075728,1.002535032,1.363471083,1.173907586,1.054136729,0.742723833,0.518565734,0.554858663,1.009430818,0.705066671,0.572824275,2.378950242,0.714961523,1.018842313,0.61934437,0.38281886,0.606670264,0.564128109,0.597697594,0.445098244,0.589727282,0.476966289,..
"Intentional homicides, male (per 100,000 male)",VC.IHR.PSRC.MA.P5,Oman,OMN,..,..,..,..,..,..,..,..,..,..,..,..,..,..,..,..,..,..,..,..,..,..,..,..,0.231537445,0.442086405,0.383765197,0.439053394,0.370199916,0.581255998,0.354511307,0.289669516,..
"Intentional homicides, male (per 100,000 male)",VC.IHR.PSRC.MA.P5,Pakistan,PAK,..,..,..,..,..,..,..,..,..,..,..,..,..,..,..,..,..,..,..,..,..,..,..,..,..,..,..,..,..,..,..,..,..
"Intentional homicides, male (per 100,000 male)",VC.IHR.PSRC.MA.P5,Palau,PLW,..,..,..,..,..,..,..,..,..,..,..,..,..,..,..,..,..,..,..,..,..,..,..,..,..,..,..,..,..,..,..,..,..
"Intentional homicides, male (per 100,000 male)",VC.IHR.PSRC.MA.P5,Panama,PAN,..,..,..,..,..,..,16.1923615,20.03932713,16.58723684,18.00675717,17.9051852,18.15616821,21.4830098,18.84126929,17.25573615,19.78887553,11.94736064,14.98250444,26.347373,29.24172346,23.6126989,28.28691368,32.04131531,32.01668001,29.04290632,21.26639663,17.65629541,16.52927217,17.55216374,20.2029595,21.08084224,23.38592333,..
"Intentional homicides, male (per 100,000 male)",VC.IHR.PSRC.MA.P5,Papua New Guinea,PNG,..,..,..,..,..,..,..,..,..,..,..,..,..,..,..,..,..,..,..,..,..,..,..,..,..,..,..,..,..,..,..,..,..
"Intentional homicides, male (per 100,000 male)",VC.IHR.PSRC.MA.P5,Paraguay,PRY,..,..,..,..,..,..,..,..,..,..,..,..,..,..,..,..,..,26.16020231,27.21525207,26.18382122,22.99964227,20.2276546,19.32412206,18.2693256,16.61466288,18.02556347,19.4889731,15.15184718,13.40446968,15.24188335,12.39476297,13.69877057,..
"Intentional homicides, male (per 100,000 male)",VC.IHR.PSRC.MA.P5,Peru,PER,..,..,..,..,..,..,..,..,..,..,..,..,..,..,..,..,..,..,..,..,..,9.079894366,11.05961284,11.36632948,11.38833852,11.87591867,11.9975962,11.48980333,11.9409033,11.57474142,9.194255621,..,..
"Intentional homicides, male (per 100,000 male)",VC.IHR.PSRC.MA.P5,Philippines,PHL,..,..,..,..,..,..,..,..,..,..,..,..,..,..,..,..,..,11.05165147,10.01393476,15.9893582,15.53781935,15.33694105,14.91787179,..,..,..,19.21853794,14.0129014,9.367733379,7.732391275,..,..,..
"Intentional homicides, male (per 100,000 male)",VC.IHR.PSRC.MA.P5,Poland,POL,2.489585902,3.125313233,3.437751983,3.526133185,3.58238937,3.296912174,3.269539746,..,..,2.995312644,3.350215536,2.967292619,2.725916157,2.436088712,2.557533233,2.194630506,1.87159634,2.192370649,1.272303024,1.471603608,1.421685559,1.551984315,1.59480999,1.173884627,1.042986961,0.996775832,1.013539086,1.035066581,1.019308793,0.92881717,0.952114196,1.047270526,..
"Intentional homicides, male (per 100,000 male)",VC.IHR.PSRC.MA.P5,Portugal,PRT,..,..,..,..,2.132408641,1.532396488,1.632484244,1.75688656,1.906626896,1.535658624,1.612917383,1.597122279,1.62477655,2.293105215,2.071955135,2.018111522,2.224629966,2.628083251,1.733535647,1.816441083,1.62620022,1.483609056,1.608053089,1.848268459,0.887766271,1.388823653,0.97468476,1.067114817,1.103589326,0.827363686,0.973808319,..,..
"Intentional homicides, male (per 100,000 male)",VC.IHR.PSRC.MA.P5,Puerto Rico,PRI,30.58211475,40.88308565,45.08029204,48.49089699,51.29384043,43.93986832,43.94253132,36.70968556,32.49985855,29.24741627,35.81888344,39.74373155,41.07615177,41.2575452,42.24106567,41.51404285,40.53553038,39.95796687,44.94216193,50.21505994,54.2382474,62.07841007,53.26724842,50.41474958,38.35781488,34.59180768,39.63036126,43.15474285,38.95542364,37.93034848,32.69067515,..,..
"Intentional homicides, male (per 100,000 male)",VC.IHR.PSRC.MA.P5,Qatar,QAT,..,..,..,..,..,..,..,..,..,..,..,0.875663452,..,..,0.765247802,0.345198079,0.549755256,0.651210546,0.996468877,0.486395715,0.308174364,0.296103171,0.423969242,0.530750348,0.423772037,0.275151457,0.357959223,0.541461158,0.486713927,0.53503624,0.498655749,0.255927996,..
"Intentional homicides, male (per 100,000 male)",VC.IHR.PSRC.MA.P5,Romania,ROU,5.39689324,5.752227504,5.61994173,4.843036115,5.019282406,5.000646368,4.606563462,4.355213084,3.680061526,3.773040424,3.917764245,4.948181778,3.942937202,4.40706225,3.232077113,2.712616497,2.439181551,2.54766383,2.014485756,1.714944714,1.78725093,1.389022372,1.323013147,1.646804828,2.251764407,2.53146053,2.242400466,1.740036001,1.769628312,1.830515433,1.96686199,1.797756753,..
"Intentional homicides, male (per 100,000 male)",VC.IHR.PSRC.MA.P5,Russian Federation,RUS,23.12579378,24.87097365,37.47008426,49.3287388,52.43300362,49.57000501,42.45591244,38.0345084,36.40716824,41.18299343,44.84210906,47.14285706,49.42870937,46.642003,44.16583028,40.17703272,32.59661944,28.97632167,20.70098462,19.70099141,18.61858775,18.27090505,18.0597072,18.01180988,18.42811016,18.42790229,17.39452802,14.53004216,12.98539407,12.22799542,11.72032559,10.80087974,..
"Intentional homicides, male (per 100,000 male)",VC.IHR.PSRC.MA.P5,Rwanda,RWA,..,..,..,..,..,..,..,..,..,..,..,..,..,..,..,..,..,..,..,..,..,..,..,..,..,..,..,..,..,..,..,..,..
"Intentional homicides, male (per 100,000 male)",VC.IHR.PSRC.MA.P5,Samoa,WSM,..,..,..,..,..,..,..,..,..,..,..,..,..,..,..,..,..,..,..,..,..,..,..,..,..,..,..,5.65402991,11.20463872,..,..,..,..
"Intentional homicides, male (per 100,000 male)",VC.IHR.PSRC.MA.P5,San Marino,SMR,..,..,..,..,..,0,0,0,0,0,0,0,0,0,0,0,0,0,0,0,0,0,..,..,..,..,..,..,..,..,..,..,..
"Intentional homicides, male (per 100,000 male)",VC.IHR.PSRC.MA.P5,Sao Tome and Principe,STP,..,..,..,..,..,..,..,..,..,..,..,..,..,..,..,..,0,0,0,0,0,0,..,..,..,..,..,..,..,..,..,..,..
"Intentional homicides, male (per 100,000 male)",VC.IHR.PSRC.MA.P5,Saudi Arabia,SAU,..,..,..,..,..,..,..,..,..,..,..,..,..,..,..,..,..,..,..,..,..,..,..,..,..,..,..,1.986812205,..,..,..,..,..
"Intentional homicides, male (per 100,000 male)",VC.IHR.PSRC.MA.P5,Senegal,SEN,..,..,..,..,..,..,..,..,..,..,..,..,..,..,..,..,..,..,..,..,..,..,..,..,..,..,..,..,..,..,..,..,..
"Intentional homicides, male (per 100,000 male)",VC.IHR.PSRC.MA.P5,Serbia,SRB,..,..,..,..,..,..,..,..,..,..,4.390427363,4.376761038,3.775072431,2.860030559,2.978130658,2.702487163,2.796083991,3.105332753,2.74452803,3.137006741,2.418955479,2.430559396,1.947371864,2.532648105,2.2373719,1.94036429,2.170192627,1.703884913,2.159874469,1.690634463,1.75771787,1.429751791,..
"Intentional homicides, male (per 100,000 male)",VC.IHR.PSRC.MA.P5,Seychelles,SYC,..,..,..,..,..,..,..,..,..,..,..,..,..,..,19.05074377,..,14.48512619,14.50451957,10.45057206,23.94262321,16.19168557,22.5484154,7.184609668,22.74103466,26.46582713,..,..,..,..,..,..,..,..
"Intentional homicides, male (per 100,000 male)",VC.IHR.PSRC.MA.P5,Sierra Leone,SLE,..,..,..,..,..,..,..,..,..,..,..,..,..,..,..,..,..,..,..,..,..,..,..,..,..,..,..,..,..,..,..,..,..
"Intentional homicides, male (per 100,000 male)",VC.IHR.PSRC.MA.P5,Singapore,SGP,..,..,..,..,..,..,..,..,..,..,..,..,..,..,..,..,0.526643787,0.545207791,0.642713666,0.501358875,0.596217929,0.36359379,0.178267451,0.384907093,0.240677031,0.372656562,0.368517237,0.199153465,0.065806932,0.163048485,0.161811643,0.128721023,..
"Intentional homicides, male (per 100,000 male)",VC.IHR.PSRC.MA.P5,Sint Maarten (Dutch part),SXM,..,..,..,..,..,..,..,..,..,..,..,..,..,..,..,..,..,..,..,..,..,..,..,..,..,..,..,..,..,..,..,..,..
"Intentional homicides, male (per 100,000 male)",VC.IHR.PSRC.MA.P5,Slovak Republic,SVK,..,..,..,..,..,..,..,..,..,..,3.636729745,3.254738421,2.757428445,3.447159828,2.757026685,2.334751727,2.563468319,2.065258339,2.369350389,1.754955556,1.942247462,2.167388559,1.708250871,1.819696854,1.74187166,1.134526906,1.396808594,2.072296783,1.354042664,2.027740999,1.238426808,1.16546392,..
"Intentional homicides, male (per 100,000 male)",VC.IHR.PSRC.MA.P5,Slovenia,SVN,..,..,..,..,..,..,..,..,..,..,..,..,..,..,2.049156183,1.018745425,0.911278899,1.60962799,0.499484781,0.594888421,0.688765206,0.881028375,0.781251144,0.877202387,0.973003531,0.871892792,0.769778126,0.956132635,0.380193262,0.661580686,0.470368214,0.281644522,..
"Intentional homicides, male (per 100,000 male)",VC.IHR.PSRC.MA.P5,Solomon Islands,SLB,..,..,..,..,..,..,..,..,..,..,..,..,..,..,..,..,..,..,..,..,..,..,..,..,..,..,..,..,..,..,..,..,..
"Intentional homicides, male (per 100,000 male)",VC.IHR.PSRC.MA.P5,Somalia,SOM,..,..,..,..,..,..,..,..,..,..,..,..,..,..,..,..,..,..,..,..,..,..,..,..,..,..,..,..,..,..,..,..,..
"Intentional homicides, male (per 100,000 male)",VC.IHR.PSRC.MA.P5,South Africa,ZAF,..,..,..,..,..,..,..,..,..,..,..,..,..,..,..,..,69.12051522,65.57987912,64.00150328,57.60574003,52.75741586,52.03739358,..,..,..,..,59.7304743,63.44376122,65.59834444,66.04521417,..,..,..
"Intentional homicides, male (per 100,000 male)",VC.IHR.PSRC.MA.P5,South Sudan,SSD,..,..,..,..,..,..,..,..,..,..,..,..,..,..,..,..,..,..,..,..,..,..,..,..,..,..,..,..,..,..,..,..,..
"Intentional homicides, male (per 100,000 male)",VC.IHR.PSRC.MA.P5,Spain,ESP,..,..,..,..,..,..,..,..,..,..,..,2.21493113,2.113488316,2.005175135,1.572859986,1.805811886,1.443678846,1.408472464,1.231306591,1.202377199,1.06465412,1.114098683,1.036827641,0.788993789,0.853567441,0.793464518,0.793288899,0.848850042,0.749676876,0.887333031,0.771128368,0.82933268,..
"Intentional homicides, male (per 100,000 male)",VC.IHR.PSRC.MA.P5,Sri Lanka,LKA,..,..,..,..,..,..,..,..,..,..,..,..,..,..,..,..,..,..,16.65972847,8.965928272,5.914643738,5.399161649,4.954610859,4.620065089,4.163234795,3.643795005,3.863359541,3.842004452,3.946634776,4.721833485,..,..,..
"Intentional homicides, male (per 100,000 male)",VC.IHR.PSRC.MA.P5,St. Kitts and Nevis,KNA,..,..,..,..,..,..,..,18.50952083,..,26.98630445,..,17.5012579,21.74905935,43.38488904,47.629357,..,..,..,..,103.0839275,81.51008151,141.1372239,..,..,..,..,120.0917844,85.94572527,81.84011027,43.19747727,43.34257975,56.48490115,..
"Intentional homicides, male (per 100,000 male)",VC.IHR.PSRC.MA.P5,St. Lucia,LCA,12.84558183,9.848127801,15.24136784,10.9188931,9.425768705,17.29309806,14.47330333,10.42141601,15.48586914,17.90109644,26.05030291,..,44.17711737,41.95385513,40.65387459,..,..,..,..,38.91812779,45.17188783,45.06217097,37.85916297,32.29750617,39.05756396,26.31548838,31.91592434,51.11806569,37.36624582,51.92928586,52.91273339,69.7099168,..
"Intentional homicides, male (per 100,000 male)",VC.IHR.PSRC.MA.P5,St. Martin (French part),MAF,..,..,..,..,..,..,..,..,..,..,..,..,..,..,..,..,..,..,..,..,..,..,..,..,..,..,..,..,..,..,..,..,..
"Intentional homicides, male (per 100,000 male)",VC.IHR.PSRC.MA.P5,St. Vincent and the Grenadines,VCT,..,..,..,..,..,..,..,..,..,..,..,..,..,..,39.63146465,33.19038178,24.30748975,54.88807733,23.03167741,34.77441101,39.30922963,..,..,..,..,..,66.3490513,62.93266205,50.13368984,35.4242992,52.40109294,60.14020185,..
"Intentional homicides, male (per 100,000 male)",VC.IHR.PSRC.MA.P5,Sudan,SDN,..,..,..,..,..,..,..,..,..,..,..,..,..,..,..,..,..,..,..,..,..,..,..,..,..,..,..,..,..,..,..,..,..
"Intentional homicides, male (per 100,000 male)",VC.IHR.PSRC.MA.P5,Suriname,SUR,..,..,..,..,..,..,..,..,..,..,..,..,..,..,..,..,..,11.4377844,12.28485222,..,..,..,..,9.200217974,9.113964873,7.986319088,8.598230484,8.516857416,10.46093936,7.681094322,14.86838997,9.168694149,..
"Intentional homicides, male (per 100,000 male)",VC.IHR.PSRC.MA.P5,Sweden,SWE,..,..,..,..,..,..,..,..,..,1.652563903,1.346927562,1.31024014,1.464852742,1.307898668,1.486709925,1.166721382,1.223817518,1.738836626,1.183193941,1.178023847,1.369781067,1.186548272,0.964616605,1.265446486,1.271796568,1.68310192,1.543393305,1.70390829,1.469146168,1.665580166,1.896898035,1.687999311,..
"Intentional homicides, male (per 100,000 male)",VC.IHR.PSRC.MA.P5,Switzerland,CHE,1.79654318,1.650582235,1.508440428,1.814566513,1.146156193,1.227595894,1.498501715,1.382522432,1.335776815,1.472928988,0.862287653,1.396256032,1.031553225,0.936478428,1.095683574,1.030784021,0.609434743,0.673764797,0.769361846,0.630599361,0.674918234,0.589838115,0.709751723,0.6257798,0.419988954,0.658941031,0.48223454,0.596664763,0.521090609,0.470232463,0.466635068,0.394066791,..
"Intentional homicides, male (per 100,000 male)",VC.IHR.PSRC.MA.P5,Syrian Arab Republic,SYR,..,..,..,..,..,..,..,..,..,..,..,..,..,..,..,..,..,..,..,..,..,..,..,..,..,..,..,..,..,..,..,..,..
"Intentional homicides, male (per 100,000 male)",VC.IHR.PSRC.MA.P5,Tajikistan,TJK,..,..,..,..,..,..,..,..,..,..,..,..,..,..,..,..,4.401900363,2.773385028,1.701501712,1.954468802,4.15243756,2.800606216,..,..,..,..,..,..,..,..,1.603669028,..,..
"Intentional homicides, male (per 100,000 male)",VC.IHR.PSRC.MA.P5,Tanzania,TZA,..,..,..,..,..,..,..,..,..,..,..,..,..,..,..,..,..,..,..,..,15.05226536,15.74649856,15.20643157,13.23001229,..,11.89070229,10.44633856,9.404635261,7.636161121,7.549866028,5.758732913,..,..
"Intentional homicides, male (per 100,000 male)",VC.IHR.PSRC.MA.P5,Thailand,THA,..,..,..,..,..,12.99398687,12.52396436,13.34957449,14.92642107,13.76349659,13.64628131,..,12.14505257,17.19177271,11.72867437,12.92329523,12.59198707,11.6863305,10.42185271,9.641865307,9.53955242,8.491143236,8.403563657,7.383696944,6.559535029,..,..,..,..,..,..,..,..
"Intentional homicides, male (per 100,000 male)",VC.IHR.PSRC.MA.P5,Timor-Leste,TLS,..,..,..,..,..,..,..,..,..,..,..,..,..,..,..,..,..,..,..,..,..,..,..,..,..,..,..,..,..,..,..,..,..
"Intentional homicides, male (per 100,000 male)",VC.IHR.PSRC.MA.P5,Togo,TGO,..,..,..,..,..,..,..,..,..,..,..,..,..,..,..,..,..,..,..,..,..,..,..,..,..,..,..,..,..,..,..,..,..
"Intentional homicides, male (per 100,000 male)",VC.IHR.PSRC.MA.P5,Tonga,TON,..,..,..,..,..,..,..,..,..,..,1.917821355,9.537070593,9.485596122,11.31808536,3.750726703,7.460111715,14.84422838,1.850036076,5.548465849,9.250522655,1.849454411,3.69819066,0,..,..,..,..,..,..,1.923298842,3.839324279,..,..
"Intentional homicides, male (per 100,000 male)",VC.IHR.PSRC.MA.P5,Trinidad and Tobago,TTO,..,..,..,..,..,..,..,..,..,..,..,..,..,..,34.76098481,51.27140526,49.52524832,52.75787788,71.22186191,67.49974164,60.35607999,45.95850603,47.47796349,51.79148579,50.33324805,54.33574208,..,60.84792894,63.21410078,63.17354638,46.05068646,..,..
"Intentional homicides, male (per 100,000 male)",VC.IHR.PSRC.MA.P5,Tunisia,TUN,..,..,..,..,..,..,..,..,..,..,..,..,..,..,..,..,..,..,..,..,..,..,..,..,..,..,..,..,..,7.84876174,7.434105263,..,..
"Intentional homicides, male (per 100,000 male)",VC.IHR.PSRC.MA.P5,Turkiye,TUR,..,..,..,..,..,..,..,..,..,..,..,..,..,6.689673313,6.775105586,7.810937546,7.483252451,8.428052184,7.499622298,..,6.610413678,6.529511047,6.905748806,..,..,4.548118873,5.551664908,5.130638239,4.237110739,3.749974577,4.094068951,4.005664461,..
"Intentional homicides, male (per 100,000 male)",VC.IHR.PSRC.MA.P5,Turkmenistan,TKM,..,..,..,..,..,..,..,..,..,..,..,..,..,..,..,..,..,..,..,..,2.883358906,3.096544011,1.853413868,2.073368886,2.534613992,1.752396227,..,..,..,..,..,..,..
"Intentional homicides, male (per 100,000 male)",VC.IHR.PSRC.MA.P5,Turks and Caicos Islands,TCA,..,..,14.87984525,14.15328002,13.48526735,0,12.31754634,0,..,..,..,..,18.94118761,..,..,..,..,7.473003774,7.163836951,13.76083666,..,..,..,17.6268398,11.28827431,..,..,..,..,..,..,..,..
"Intentional homicides, male (per 100,000 male)",VC.IHR.PSRC.MA.P5,Tuvalu,TUV,..,..,..,..,..,..,..,..,..,..,..,..,..,..,..,..,..,..,..,..,..,..,..,..,..,..,..,..,..,..,..,..,..
"Intentional homicides, male (per 100,000 male)",VC.IHR.PSRC.MA.P5,Uganda,UGA,..,..,..,..,..,..,..,..,..,..,..,..,..,..,..,..,..,..,16.0563257,..,16.08356669,18.35829569,19.69066003,17.63364582,20.2662794,..,18.66580915,19.67880369,..,..,..,..,..
"Intentional homicides, male (per 100,000 male)",VC.IHR.PSRC.MA.P5,Ukraine,UKR,7.461140821,7.860642004,10.29544596,11.22433048,12.9772328,13.79260126,15.15463528,13.09078014,13.01897223,13.13443168,13.73598691,15.03462662,13.43525882,12.61216905,10.88790622,9.564564501,9.535374372,..,8.134694239,7.261283185,6.573743528,..,..,..,..,..,..,11.0696777,..,..,..,..,..
"Intentional homicides, male (per 100,000 male)",VC.IHR.PSRC.MA.P5,United Arab Emirates,ARE,..,..,..,..,..,..,..,..,..,..,..,..,..,..,..,..,..,..,..,..,0.794390979,0.581666781,0.833274471,0.616834115,0.708026488,0.791829246,..,..,..,0.667306764,0.787599964,0.522110056,..
"Intentional homicides, male (per 100,000 male)",VC.IHR.PSRC.MA.P5,United Kingdom,GBR,..,..,..,..,..,..,..,..,..,..,..,..,..,..,..,1.803903992,1.797632887,1.783776722,1.547896919,1.575039219,1.536335939,1.437046259,1.244106109,1.193912243,1.196965989,1.415243856,1.810742548,1.715543388,1.503746487,1.710539114,1.443133077,..,..
"Intentional homicides, male (per 100,000 male)",VC.IHR.PSRC.MA.P5,United States,USA,15.05263233,15.63608763,14.81657971,14.93813245,14.22920096,12.70753019,11.46554502,10.502437,9.462798876,8.54347025,8.542611373,10.36589084,8.780014655,8.951839556,8.700571305,9.013994899,9.246798866,9.017945077,8.552866281,7.81016173,7.444892456,7.369908952,7.398454799,7.071833601,6.901257999,7.81919858,8.4598649,8.329064163,7.706149137,7.894991723,10.34234112,10.76244359,..
"Intentional homicides, male (per 100,000 male)",VC.IHR.PSRC.MA.P5,Uruguay,URY,..,..,..,..,..,..,..,..,..,..,..,..,..,..,..,..,9.92675119,10.09454602,11.00350745,11.22357074,10.14191884,9.742775316,14.07770586,12.62263797,13.25125292,14.78434028,13.45684535,13.77931996,21.95655859,20.85408948,18.07048755,15.96874705,..
"Intentional homicides, male (per 100,000 male)",VC.IHR.PSRC.MA.P5,Uzbekistan,UZB,..,..,..,..,..,..,..,..,..,..,..,..,..,..,..,..,..,..,..,..,..,..,..,..,..,3.294786378,3.171508238,2.415408303,1.835839593,1.564080231,1.717194724,1.759335408,..
"Intentional homicides, male (per 100,000 male)",VC.IHR.PSRC.MA.P5,Vanuatu,VUT,..,..,..,..,..,..,..,..,..,..,..,..,..,..,..,..,..,..,..,..,..,..,..,..,..,..,..,..,..,0.652958883,0,..,..
"Intentional homicides, male (per 100,000 male)",VC.IHR.PSRC.MA.P5,Venezuela,VEN,23.09978926,..,29.23442735,37.52766509,40.58771345,..,40.68958022,33.51425338,35.4345886,46.21434771,61.28020455,59.984036,69.15369598,82.53625193,69.49783167,70.52372998,85.51473839,90.76411511,99.31468637,93.53754682,85.81874483,91.64793237,103.0495914,..,..,96.16430758,106.5167093,89.97765377,..,..,..,..,..
"Intentional homicides, male (per 100,000 male)",VC.IHR.PSRC.MA.P5,Viet Nam,VNM,..,..,..,..,..,..,..,..,..,..,..,..,..,..,..,..,..,..,..,..,..,..,..,..,..,..,..,..,..,..,..,..,..
"Intentional homicides, male (per 100,000 male)",VC.IHR.PSRC.MA.P5,Virgin Islands (U.S.),VIR,..,..,..,..,..,..,..,47.21249557,44.87980019,44.5723477,38.70755475,50.44038335,69.97968645,54.61123626,70.51978962,66.72685167,76.48633542,78.44136998,86.32020874,94.25070688,96.57551121,83.33664034,99.9590168,..,..,..,..,..,..,..,..,..,..
"Intentional homicides, male (per 100,000 male)",VC.IHR.PSRC.MA.P5,West Bank and Gaza,PSE,..,..,..,..,..,..,..,..,..,..,..,..,..,..,..,..,..,..,..,..,1.124948649,1.024038427,1.055060237,..,..,2.105311252,..,1.239097809,0.877299805,1.14434596,1.358575669,1.406016854,..
"Intentional homicides, male (per 100,000 male)",VC.IHR.PSRC.MA.P5,"Yemen, Rep.",YEM,..,..,..,..,..,..,..,..,..,..,..,..,..,..,..,..,..,..,..,..,..,..,..,..,..,..,..,..,..,..,..,..,..
"Intentional homicides, male (per 100,000 male)",VC.IHR.PSRC.MA.P5,Zambia,ZMB,..,..,..,..,..,..,..,..,..,..,..,..,..,..,..,..,..,..,..,..,..,..,..,..,..,..,..,..,..,..,..,..,..
"Intentional homicides, male (per 100,000 male)",VC.IHR.PSRC.MA.P5,Zimbabwe,ZWE,8.302434679,..,..,..,..,..,..,..,..,..,..,..,..,..,..,..,..,..,..,..,..,..,..,..,..,..,..,..,8.058139974,8.614503658,8.584714374,10.92303561,..
"Intentional homicides, male (per 100,000 male)",VC.IHR.PSRC.MA.P5,Africa Eastern and Southern,AFE,..,..,..,..,..,..,..,..,..,..,..,..,..,..,..,..,..,..,..,..,..,..,..,..,..,..,..,..,..,..,..,..,..
"Intentional homicides, male (per 100,000 male)",VC.IHR.PSRC.MA.P5,Africa Western and Central,AFW,..,..,..,..,..,..,..,..,..,..,..,..,..,..,..,..,..,..,..,..,..,..,..,..,..,..,..,..,..,..,..,..,..
"Intentional homicides, male (per 100,000 male)",VC.IHR.PSRC.MA.P5,Arab World,ARB,..,..,..,..,..,..,..,..,..,..,..,..,..,..,..,..,..,..,..,..,..,..,..,..,..,..,..,..,..,..,..,..,..
"Intentional homicides, male (per 100,000 male)",VC.IHR.PSRC.MA.P5,Caribbean small states,CSS,..,..,..,..,..,..,..,..,..,..,..,..,..,..,..,..,..,..,..,..,..,..,..,..,..,..,..,..,..,..,..,..,..
"Intentional homicides, male (per 100,000 male)",VC.IHR.PSRC.MA.P5,Central Europe and the Baltics,CEB,..,..,..,..,..,..,..,..,..,..,..,..,..,..,..,..,..,..,..,..,..,..,..,..,..,..,..,..,..,..,..,..,..
"Intentional homicides, male (per 100,000 male)",VC.IHR.PSRC.MA.P5,Early-demographic dividend,EAR,..,..,..,..,..,..,..,..,..,..,..,..,..,..,..,..,..,..,..,..,..,..,..,..,..,..,..,..,..,..,..,..,..
"Intentional homicides, male (per 100,000 male)",VC.IHR.PSRC.MA.P5,East Asia & Pacific,EAS,..,..,..,..,..,..,..,..,..,..,..,..,..,..,..,..,..,..,..,..,..,..,..,..,..,..,..,..,..,..,..,..,..
"Intentional homicides, male (per 100,000 male)",VC.IHR.PSRC.MA.P5,East Asia & Pacific (excluding high income),EAP,..,..,..,..,..,..,..,..,..,..,..,..,..,..,..,..,..,..,..,..,..,..,..,..,..,..,..,..,..,..,..,..,..
"Intentional homicides, male (per 100,000 male)",VC.IHR.PSRC.MA.P5,East Asia & Pacific (IDA & IBRD countries),TEA,..,..,..,..,..,..,..,..,..,..,..,..,..,..,..,..,..,..,..,..,..,..,..,..,..,..,..,..,..,..,..,..,..
"Intentional homicides, male (per 100,000 male)",VC.IHR.PSRC.MA.P5,Euro area,EMU,..,..,..,..,..,..,..,..,..,..,..,..,..,..,..,..,..,..,..,..,..,..,..,..,..,..,..,..,..,..,..,..,..
"Intentional homicides, male (per 100,000 male)",VC.IHR.PSRC.MA.P5,Europe & Central Asia,ECS,..,..,..,..,..,..,..,..,..,..,..,..,..,..,..,..,..,..,..,..,5.5,5.4,5.3,5.1,5.1,5,5,4.5,4,3.8,3.8,3.8,..
"Intentional homicides, male (per 100,000 male)",VC.IHR.PSRC.MA.P5,Europe & Central Asia (excluding high income),ECA,..,..,..,..,..,..,..,..,..,..,..,..,..,..,..,..,..,..,..,..,..,..,..,..,..,..,..,..,..,..,..,..,..
"Intentional homicides, male (per 100,000 male)",VC.IHR.PSRC.MA.P5,Europe & Central Asia (IDA & IBRD countries),TEC,..,..,..,..,..,..,..,..,..,..,..,..,..,..,..,..,..,..,..,..,..,..,..,..,..,..,..,..,..,..,..,..,..
"Intentional homicides, male (per 100,000 male)",VC.IHR.PSRC.MA.P5,European Union,EUU,..,..,..,..,..,..,..,..,..,..,..,..,..,..,..,..,..,..,..,..,..,..,..,..,..,..,..,..,..,..,..,..,..
"Intentional homicides, male (per 100,000 male)",VC.IHR.PSRC.MA.P5,Fragile and conflict affected situations,FCS,..,..,..,..,..,..,..,..,..,..,..,..,..,..,..,..,..,..,..,..,..,..,..,..,..,..,..,..,..,..,..,..,..
"Intentional homicides, male (per 100,000 male)",VC.IHR.PSRC.MA.P5,Heavily indebted poor countries (HIPC),HPC,..,..,..,..,..,..,..,..,..,..,..,..,..,..,..,..,..,..,..,..,..,..,..,..,..,..,..,..,..,..,..,..,..
"Intentional homicides, male (per 100,000 male)",VC.IHR.PSRC.MA.P5,High income,HIC,..,..,..,..,..,..,..,..,..,..,..,..,..,..,..,..,..,..,..,..,3.4,3.4,3.3,3.2,3.1,3.4,3.5,3.5,3.3,3.4,4,4.2,..
"Intentional homicides, male (per 100,000 male)",VC.IHR.PSRC.MA.P5,IBRD only,IBD,..,..,..,..,..,..,..,..,..,..,..,..,..,..,..,..,..,..,..,..,..,..,..,..,..,..,..,..,..,..,..,..,..
"Intentional homicides, male (per 100,000 male)",VC.IHR.PSRC.MA.P5,IDA & IBRD total,IBT,..,..,..,..,..,..,..,..,..,..,..,..,..,..,..,..,..,..,..,..,..,..,..,..,..,..,..,..,..,..,..,..,..
"Intentional homicides, male (per 100,000 male)",VC.IHR.PSRC.MA.P5,IDA blend,IDB,..,..,..,..,..,..,..,..,..,..,..,..,..,..,..,..,..,..,..,..,..,..,..,..,..,..,..,..,..,..,..,..,..
"Intentional homicides, male (per 100,000 male)",VC.IHR.PSRC.MA.P5,IDA only,IDX,..,..,..,..,..,..,..,..,..,..,..,..,..,..,..,..,..,..,..,..,..,..,..,..,..,..,..,..,..,..,..,..,..
"Intentional homicides, male (per 100,000 male)",VC.IHR.PSRC.MA.P5,IDA total,IDA,..,..,..,..,..,..,..,..,..,..,..,..,..,..,..,..,..,..,..,..,..,..,..,..,..,..,..,..,..,..,..,..,..
"Intentional homicides, male (per 100,000 male)",VC.IHR.PSRC.MA.P5,Late-demographic dividend,LTE,..,..,..,..,..,..,..,..,..,..,..,..,..,..,..,..,..,..,..,..,..,..,..,..,..,..,..,..,..,..,..,..,..
"Intentional homicides, male (per 100,000 male)",VC.IHR.PSRC.MA.P5,Latin America & Caribbean,LCN,..,..,..,..,..,..,..,..,..,..,..,..,..,..,..,..,..,..,..,..,43.8,44.5,44.9,43.6,42.9,41.7,43.2,43.9,42.5,38.3,36.9,35.8,..
"Intentional homicides, male (per 100,000 male)",VC.IHR.PSRC.MA.P5,Latin America & Caribbean (excluding high income),LAC,..,..,..,..,..,..,..,..,..,..,..,..,..,..,..,..,..,..,..,..,..,..,..,..,..,..,..,..,..,..,..,..,..
"Intentional homicides, male (per 100,000 male)",VC.IHR.PSRC.MA.P5,Latin America & the Caribbean (IDA & IBRD countries),TLA,..,..,..,..,..,..,..,..,..,..,..,..,..,..,..,..,..,..,..,..,..,..,..,..,..,..,..,..,..,..,..,..,..
"Intentional homicides, male (per 100,000 male)",VC.IHR.PSRC.MA.P5,Least developed countries: UN classification,LDC,..,..,..,..,..,..,..,..,..,..,..,..,..,..,..,..,..,..,..,..,..,..,..,..,..,..,..,..,..,..,..,..,..
"Intentional homicides, male (per 100,000 male)",VC.IHR.PSRC.MA.P5,Low & middle income,LMY,..,..,..,..,..,..,..,..,..,..,..,..,..,..,..,..,..,..,..,..,..,..,..,..,..,..,..,..,..,..,..,..,..
"Intentional homicides, male (per 100,000 male)",VC.IHR.PSRC.MA.P5,Low income,LIC,..,..,..,..,..,..,..,..,..,..,..,..,..,..,..,..,..,..,..,..,..,..,..,..,..,..,..,..,..,..,..,..,..
"Intentional homicides, male (per 100,000 male)",VC.IHR.PSRC.MA.P5,Lower middle income,LMC,..,..,..,..,..,..,..,..,..,..,..,..,..,..,..,..,..,..,..,..,7.9,8,7.9,7.8,7.9,7.6,7.3,7,6.7,6.6,6.6,6.6,..
"Intentional homicides, male (per 100,000 male)",VC.IHR.PSRC.MA.P5,Middle East & North Africa,MEA,..,..,..,..,..,..,..,..,..,..,..,..,..,..,..,..,..,..,..,..,4.6,5.9,5.8,6.1,6.1,5.8,6.1,6.4,6.6,6.2,5.6,6.3,..
"Intentional homicides, male (per 100,000 male)",VC.IHR.PSRC.MA.P5,Middle East & North Africa (excluding high income),MNA,..,..,..,..,..,..,..,..,..,..,..,..,..,..,..,..,..,..,..,..,..,..,..,..,..,..,..,..,..,..,..,..,..
"Intentional homicides, male (per 100,000 male)",VC.IHR.PSRC.MA.P5,Middle East & North Africa (IDA & IBRD countries),TMN,..,..,..,..,..,..,..,..,..,..,..,..,..,..,..,..,..,..,..,..,..,..,..,..,..,..,..,..,..,..,..,..,..
"Intentional homicides, male (per 100,000 male)",VC.IHR.PSRC.MA.P5,Middle income,MIC,..,..,..,..,..,..,..,..,..,..,..,..,..,..,..,..,..,..,..,..,..,..,..,..,..,..,..,..,..,..,..,..,..
"Intentional homicides, male (per 100,000 male)",VC.IHR.PSRC.MA.P5,North America,NAC,..,..,..,..,..,..,..,..,..,..,..,..,..,..,..,..,..,..,..,..,6.9,6.9,6.9,6.6,6.4,7.3,7.9,7.8,7.2,7.4,9.6,10,..
"Intentional homicides, male (per 100,000 male)",VC.IHR.PSRC.MA.P5,Not classified,INX,..,..,..,..,..,..,..,..,..,..,..,..,..,..,..,..,..,..,..,..,..,..,..,..,..,..,..,..,..,..,..,..,..
"Intentional homicides, male (per 100,000 male)",VC.IHR.PSRC.MA.P5,OECD members,OED,..,..,..,..,..,..,..,..,..,..,..,..,..,..,..,..,..,..,..,..,..,..,..,..,..,..,..,..,..,..,..,..,..
"Intentional homicides, male (per 100,000 male)",VC.IHR.PSRC.MA.P5,Other small states,OSS,..,..,..,..,..,..,..,..,..,..,..,..,..,..,..,..,..,..,..,..,..,..,..,..,..,..,..,..,..,..,..,..,..
"Intentional homicides, male (per 100,000 male)",VC.IHR.PSRC.MA.P5,Pacific island small states,PSS,..,..,..,..,..,..,..,..,..,..,..,..,..,..,..,..,..,..,..,..,..,..,..,..,..,..,..,..,..,..,..,..,..
"Intentional homicides, male (per 100,000 male)",VC.IHR.PSRC.MA.P5,Post-demographic dividend,PST,..,..,..,..,..,..,..,..,..,..,..,..,..,..,..,..,..,..,..,..,..,..,..,..,..,..,..,..,..,..,..,..,..
"Intentional homicides, male (per 100,000 male)",VC.IHR.PSRC.MA.P5,Pre-demographic dividend,PRE,..,..,..,..,..,..,..,..,..,..,..,..,..,..,..,..,..,..,..,..,..,..,..,..,..,..,..,..,..,..,..,..,..
"Intentional homicides, male (per 100,000 male)",VC.IHR.PSRC.MA.P5,Small states,SST,..,..,..,..,..,..,..,..,..,..,..,..,..,..,..,..,..,..,..,..,..,..,..,..,..,..,..,..,..,..,..,..,..
"Intentional homicides, male (per 100,000 male)",VC.IHR.PSRC.MA.P5,South Asia,SAS,..,..,..,..,..,..,..,..,..,..,..,..,..,..,..,..,..,..,..,..,5,5,5,4.8,4.9,4.3,3.8,3.6,3.6,3.5,3.6,3.5,..
"Intentional homicides, male (per 100,000 male)",VC.IHR.PSRC.MA.P5,South Asia (IDA & IBRD),TSA,..,..,..,..,..,..,..,..,..,..,..,..,..,..,..,..,..,..,..,..,..,..,..,..,..,..,..,..,..,..,..,..,..
"Intentional homicides, male (per 100,000 male)",VC.IHR.PSRC.MA.P5,Sub-Saharan Africa,SSF,..,..,..,..,..,..,..,..,..,..,..,..,..,..,..,..,..,..,..,..,..,..,..,..,..,..,..,..,..,..,..,..,..
"Intentional homicides, male (per 100,000 male)",VC.IHR.PSRC.MA.P5,Sub-Saharan Africa (excluding high income),SSA,..,..,..,..,..,..,..,..,..,..,..,..,..,..,..,..,..,..,..,..,..,..,..,..,..,..,..,..,..,..,..,..,..
"Intentional homicides, male (per 100,000 male)",VC.IHR.PSRC.MA.P5,Sub-Saharan Africa (IDA & IBRD countries),TSS,..,..,..,..,..,..,..,..,..,..,..,..,..,..,..,..,..,..,..,..,..,..,..,..,..,..,..,..,..,..,..,..,..
"Intentional homicides, male (per 100,000 male)",VC.IHR.PSRC.MA.P5,Upper middle income,UMC,..,..,..,..,..,..,..,..,..,..,..,..,..,..,..,..,..,..,..,..,12.7,12.5,12.6,12.2,11.9,11.7,12.1,12.6,12.3,11.1,11,11.3,..
"Intentional homicides, male (per 100,000 male)",VC.IHR.PSRC.MA.P5,World,WLD,10.89543506,11.18933995,11.51479097,11.84138814,11.82427629,11.59945735,11.23830824,11.01438519,10.94720325,10.76596007,11.01105498,11.14995152,11.12332651,10.84311643,10.41533366,10.1140954,9.968702892,9.66226995,9.716300732,9.671295333,9.674480651,9.775323081,9.855921162,9.754750957,9.791319396,9.623085264,9.672854834,9.637403925,9.397937647,9.02414373,9.13447039,..,..
,,,,,,,,,,,,,,,,,,,,,,,,,,,,,,,,,,,,
,,,,,,,,,,,,,,,,,,,,,,,,,,,,,,,,,,,,
,,,,,,,,,,,,,,,,,,,,,,,,,,,,,,,,,,,,
Data from database: World Development Indicators,,,,,,,,,,,,,,,,,,,,,,,,,,,,,,,,,,,,
Last Updated: 10/26/2023,,,,,,,,,,,,,,,,,,,,,,,,,,,,,,,,,,,,