Series Name,Series Code,Country Name,Country Code,1985 [YR1985],1986 [YR1986],1987 [YR1987],1988 [YR1988],1989 [YR1989],1990 [YR1990],1991 [YR1991],1992 [YR1992],1993 [YR1993],1994 [YR1994],1995 [YR1995],1996 [YR1996],1997 [YR1997],1998 [YR1998],1999 [YR1999],2000 [YR2000],2001 [YR2001],2002 [YR2002],2003 [YR2003],2004 [YR2004],2005 [YR2005],2006 [YR2006],2007 [YR2007],2008 [YR2008],2009 [YR2009],2010 [YR2010],2011 [YR2011],2012 [YR2012],2013 [YR2013],2014 [YR2014],2015 [YR2015],2016 [YR2016],2017 [YR2017],2018 [YR2018],2019 [YR2019],2020 [YR2020],2021 [YR2021],2022 [YR2022]
"Intentional homicides (per 100,000 people)",VC.IHR.PSRC.P5,Chile,CHL,..,..,..,..,..,..,..,..,..,..,..,..,..,..,..,..,..,..,3.234733547,..,3.560982537,3.611970425,3.734343077,3.529102174,3.742548986,3.181574017,3.703364466,2.502627903,3.175342075,2.476379971,2.344695538,3.428467879,4.240938207,4.411422526,3.944434318,4.797849279,3.632038675,..
"Intentional homicides (per 100,000 people)",VC.IHR.PSRC.P5,Bolivia,BOL,..,..,..,..,..,..,..,..,..,..,..,..,..,..,..,..,..,..,..,..,..,..,..,..,..,..,..,..,..,..,4.896265227,5.700072063,6.532270663,4.94533211,4.219977313,3.493585291,3.493530181,..
"Intentional homicides (per 100,000 people)",VC.IHR.PSRC.P5,Argentina,ARG,..,..,..,..,..,..,..,..,..,..,..,..,..,..,..,..,8.348342808,9.423247622,7.751155564,6.046218687,5.625727779,5.347437734,5.3641138,5.887206633,6.493899366,5.800469259,6.047580077,6.311920675,7.247288159,7.537819838,6.558466154,6.011233587,5.259380765,5.367725685,5.155823421,5.366813844,4.622678556,..
"Intentional homicides (per 100,000 people)",VC.IHR.PSRC.P5,Brazil,BRA,..,..,..,..,..,19.44255874,18.35732723,16.65600298,17.68025536,18.54349882,20.79321315,23.42488199,24.03310081,24.52645474,24.73624989,25.7997614,26.90898025,27.54372392,27.96046754,26.19828106,25.47841509,26.03793159,25.0189417,26.02086318,26.45571076,26.63003314,26.35563761,28.19714307,28.17990386,29.35864672,28.35640577,29.58915444,30.59303721,26.63601257,20.8104642,22.3840654,..,..
"Intentional homicides (per 100,000 people)",VC.IHR.PSRC.P5,Colombia,COL,..,..,..,..,..,74.6287141,85.42757857,83.04301132,82.16443084,76.72091321,62.05431561,63.74108638,62.21182534,60.84953558,63.12032958,67.67540048,69.88324553,70.17097262,57.2925608,48.52542669,42.89577636,40.86465056,39.71220864,36.83643661,35.69307583,34.49429388,35.59344892,35.90898226,33.35356924,28.58523319,27.12876441,26.04042243,25.43448835,26.23132516,25.75347264,24.24276338,27.48436513,..
"Intentional homicides (per 100,000 people)",VC.IHR.PSRC.P5,Ecuador,ECU,..,..,..,..,..,8.536017905,10.78953675,8.566803937,8.317742058,10.03731873,11.86791395,12.4214217,10.98249841,13.46585029,13.55135165,14.51707903,12.90722268,14.58233563,..,..,..,..,15.94882287,17.98328279,17.80534263,17.50548739,15.37630807,12.41290702,10.97119603,8.209051839,6.483121471,5.83348059,5.809446327,5.841673659,6.843967713,7.800509142,14.02425488,..
"Intentional homicides (per 100,000 people)",VC.IHR.PSRC.P5,Guyana,GUY,..,..,..,..,..,12.04631406,25.80310484,14.09399757,15.65867829,14.40872208,14.50066816,11.67773951,11.51995932,14.93333192,12.00505532,10.01250245,10.52895496,18.80778379,27.47969757,17.2272198,18.69136735,20.1749152,15.20115423,20.95073924,15.57387742,18.71829172,17.46771831,18.68364952,20.73799153,19.8371754,19.73428906,18.70668316,15.06710759,14.13087482,17.02654012,19.69387934,16.28204985,..
"Intentional homicides (per 100,000 people)",VC.IHR.PSRC.P5,Paraguay,PRY,..,..,..,..,..,..,..,..,..,..,..,..,..,..,..,19.41910907,25.21327185,25.95283753,24.00409172,22.32141415,16.19535801,13.40638791,14.00679356,14.75603474,14.39700612,12.8453766,11.24241811,10.95668951,10.05719279,9.489845291,9.987131654,10.67561908,8.512440751,7.713405246,8.483885938,7.267293628,7.831380386,..
"Intentional homicides (per 100,000 people)",VC.IHR.PSRC.P5,Peru,PER,..,..,..,..,..,..,..,..,..,..,..,..,..,..,..,..,..,..,..,..,..,..,..,..,..,..,5.485498599,6.61521744,6.701330935,6.839307232,7.316391064,7.821338529,7.868886942,7.613974239,7.265834382,5.71389864,..,..
"Intentional homicides (per 100,000 people)",VC.IHR.PSRC.P5,Suriname,SUR,..,..,..,..,..,..,..,..,..,..,..,..,..,..,..,14.19628663,16.20866918,11.49967922,11.9099607,9.009503067,13.36640712,11.8768827,8.523599004,8.053369492,..,..,..,..,5.142327205,5.617168877,5.908162822,7.051300793,6.127039049,6.400382676,4.997497087,9.059985339,5.70976917,..
"Intentional homicides (per 100,000 people)",VC.IHR.PSRC.P5,Uruguay,URY,..,..,..,..,..,6.608892329,6.187459614,5.770940587,..,..,5.953308606,6.353371091,7.488284533,7.478507719,6.587448532,6.500164251,6.604181416,6.986363888,5.951297541,6.035365431,5.726919385,6.080158156,5.82818773,6.624451029,6.758057937,6.114564266,5.919734058,7.920187059,7.689622012,7.901731939,8.61051173,7.821274217,8.26953301,12.28464664,11.49221279,9.856852547,8.901835953,..
"Intentional homicides (per 100,000 people)",VC.IHR.PSRC.P5,"Venezuela, RB",VEN,..,..,..,..,..,12.52621505,12.37008598,15.77742679,20.27196169,21.87069232,20.2693361,21.97844991,18.33961503,19.35855616,24.92598195,32.83972965,31.99330809,37.96544608,43.99188373,37.05733424,37.36203275,45.22531029,47.79637929,52.2269894,49.36830544,45.55107079,48.45313088,54.53602876,..,63.02731452,51.27463354,56.62384941,47.98217452,..,40.98484646,29.42740101,19.30505593,..
Poverty headcount ratio at national poverty lines (% of population),SI.POV.NAHC,Chile,CHL,..,..,..,..,..,..,..,..,..,..,..,..,..,..,..,36,..,..,35.4,..,..,29.1,..,..,25.3,..,22.2,..,14.4,..,11.7,..,8.6,..,..,10.8,..,..
Poverty headcount ratio at national poverty lines (% of population),SI.POV.NAHC,Bolivia,BOL,..,..,..,..,..,..,..,..,..,..,..,..,..,..,..,..,..,..,..,..,..,..,..,..,..,..,..,..,..,..,..,..,..,..,37.2,39,36.4,..
Poverty headcount ratio at national poverty lines (% of population),SI.POV.NAHC,Argentina,ARG,..,..,..,..,..,..,..,..,..,..,..,..,..,..,..,..,..,..,..,..,..,..,..,..,..,..,..,..,..,..,..,30.3,25.7,32,35.5,42,37.3,39.2
Poverty headcount ratio at national poverty lines (% of population),SI.POV.NAHC,Brazil,BRA,..,..,..,..,..,..,..,..,..,..,..,..,..,..,..,..,..,..,..,..,..,..,..,..,..,..,..,..,..,..,..,..,..,..,..,..,..,..
Poverty headcount ratio at national poverty lines (% of population),SI.POV.NAHC,Colombia,COL,..,..,..,..,..,..,..,..,..,..,..,..,..,..,..,..,..,..,..,..,..,..,..,..,..,..,..,..,..,..,..,..,..,..,35.7,42.5,39.3,..
Poverty headcount ratio at national poverty lines (% of population),SI.POV.NAHC,Ecuador,ECU,..,..,..,..,..,..,..,..,..,..,..,..,..,..,..,..,..,..,..,..,..,..,36.7,35.1,36,32.8,28.6,27.3,25.6,22.5,23.3,22.9,21.5,23.2,25,33,27.7,25.2
Poverty headcount ratio at national poverty lines (% of population),SI.POV.NAHC,Guyana,GUY,..,..,..,..,..,..,..,..,..,..,..,..,..,..,..,..,..,..,..,..,..,..,..,..,..,..,..,..,..,..,..,..,..,..,..,..,..,..
Poverty headcount ratio at national poverty lines (% of population),SI.POV.NAHC,Paraguay,PRY,..,..,..,..,..,..,..,..,..,..,..,..,..,..,..,..,..,57.7,51.4,48.8,44.9,48.9,45.3,43.2,41.6,39,37,31.4,28,27.2,26.6,28.9,26.4,24.2,23.5,26.9,26.9,24.7
Poverty headcount ratio at national poverty lines (% of population),SI.POV.NAHC,Peru,PER,..,..,..,..,..,..,..,..,..,..,..,..,..,..,..,..,..,..,..,58.7,55.6,49.2,42.4,37.3,33.5,30.8,27.8,25.8,23.9,22.7,21.8,20.7,21.7,20.5,20.2,30.1,25.9,27.5
Poverty headcount ratio at national poverty lines (% of population),SI.POV.NAHC,Suriname,SUR,..,..,..,..,..,..,..,..,..,..,..,..,..,..,..,..,..,..,..,..,..,..,..,..,..,..,..,..,..,..,..,..,..,..,..,..,..,..
Poverty headcount ratio at national poverty lines (% of population),SI.POV.NAHC,Uruguay,URY,..,..,..,..,..,..,..,..,..,..,..,..,..,..,..,..,..,..,..,..,..,..,..,..,..,..,..,..,..,..,..,..,..,..,..,..,..,9.9
Poverty headcount ratio at national poverty lines (% of population),SI.POV.NAHC,"Venezuela, RB",VEN,..,..,..,..,..,..,..,..,..,..,..,..,..,..,..,41.6,31.1,41.1,54,53.1,42.4,33.1,27.5,27.7,26.4,26.8,27.4,27.2,29.4,29.5,33.1,..,..,..,..,..,..,..
"GDP per capita, PPP (current international $)",NY.GDP.PCAP.PP.CD,Chile,CHL,..,..,..,..,..,4437.05553,4872.139956,5533.63296,6026.750351,6473.88719,7250.189152,7959.486182,8581.435036,8927.836315,8921.984384,9468.318799,9876.226278,10239.38515,10820.67088,11735.17679,12685.02796,15676.58343,16875.71456,16550.44891,16118.37675,18104.7246,20330.5246,21584.68127,22425.58942,22779.42767,22691.48662,23492.28786,24546.91242,25564.53672,25600.1927,24941.23509,28337.07321,30208.80553
"GDP per capita, PPP (current international $)",NY.GDP.PCAP.PP.CD,Bolivia,BOL,..,..,..,..,..,2294.728914,2446.015661,2491.526708,2606.575801,2732.442114,2865.227046,2988.572101,3132.592373,3267.226137,3267.432226,3364.024366,3436.37487,3514.591376,3617.40341,3802.810904,4025.109046,4273.038123,4509.210554,4794.6037,4902.610577,5079.382721,5363.987903,5814.070135,6500.876807,6920.778861,6992.127581,7345.826841,8244.933446,8669.827849,8890.462954,8110.114756,8885.241334,9683.617497
"GDP per capita, PPP (current international $)",NY.GDP.PCAP.PP.CD,Argentina,ARG,..,..,..,..,..,7183.583826,7990.188004,8699.39508,9506.505431,10138.68165,9925.129895,10531.84582,11444.47406,11880.48063,11506.69888,11542.986,11159.32992,9990.720222,10974.32417,12162.33747,13513.67029,14896.73354,16510.44824,17336.93282,16249.73013,18063.91434,19322.22712,19641.35286,20131.68042,19683.77151,20105.19899,20307.87005,23597.11775,23294.09868,23007.83659,20787.85787,23754.36139,26504.59056
"GDP per capita, PPP (current international $)",NY.GDP.PCAP.PP.CD,Brazil,BRA,..,..,..,..,..,6617.944703,6793.807941,6797.153941,7183.895866,7644.218602,8008.05893,8208.219593,8504.681479,8503.697887,8541.710725,8994.743062,9202.876484,9510.823883,9693.555482,10407.83935,10954.86026,11614.49854,12522.51594,13281.07439,13222.74888,14254.51977,14989.15778,14994.34347,15535.72377,15664.80174,14692.63231,14208.16111,14477.86177,14971.05467,15307.94124,14900.10422,16260.09875,17821.73726
"GDP per capita, PPP (current international $)",NY.GDP.PCAP.PP.CD,Colombia,COL,..,..,..,..,..,5083.670494,5252.637023,5479.891585,5796.490513,6143.693277,6475.079252,6607.499178,6829.085078,6825.870768,6520.964545,6753.464794,6911.727494,7085.62081,7398.183502,7888.450084,8412.996829,9135.678975,9891.37577,10291.19999,10357.33409,10830.19512,11694.72661,12095.6485,12798.66319,13390.03195,13378.67515,13971.33959,14334.91461,15161.31797,15872.30898,15103.07382,17105.00247,20287.40026
"GDP per capita, PPP (current international $)",NY.GDP.PCAP.PP.CD,Ecuador,ECU,..,..,..,..,..,4723.54975,4980.164486,5092.723701,5211.918652,5444.825754,5578.990707,5674.71435,5915.586324,6070.300144,5763.768975,5857.496022,6123.75719,6362.496502,6549.196227,7151.696928,7633.4708,8075.332999,8330.833977,8877.780987,8835.386646,9104.364063,9861.503581,10304.889,11142.67836,11708.653,11071.29472,11068.85685,11679.43023,11887.49225,11873.28931,10937.10677,11772.52896,12822.11378
"GDP per capita, PPP (current international $)",NY.GDP.PCAP.PP.CD,Guyana,GUY,..,..,..,..,..,3032.566676,3338.537346,3675.066958,4057.806792,4483.936337,4794.589605,5257.631852,5666.524317,5623.020946,5860.857441,5903.819779,6168.281133,6331.085303,6413.202937,6689.525608,6771.061588,7351.019766,8112.345461,8439.50566,8834.223432,9351.787923,10092.08249,10640.67256,11198.16014,11130.49447,11382.24238,11479.46201,12193.62168,12671.70299,13364.22157,19462.93436,24193.52752,40641.78734
"GDP per capita, PPP (current international $)",NY.GDP.PCAP.PP.CD,Paraguay,PRY,..,..,..,..,..,5603.713225,5839.103263,5918.62483,6199.786713,6507.066713,6929.359744,7003.394967,7262.052984,7191.823537,7046.721298,6905.251941,6884.074506,6890.741252,7238.952804,7644.806732,7963.716614,8514.231358,9126.942685,9809.754936,9747.690257,10833.90104,11384.37218,10861.36023,11992.08303,12411.30209,12436.23468,13024.14989,13604.17472,14181.42515,14186.92718,14063.2737,15091.3251,15977.31165
"GDP per capita, PPP (current international $)",NY.GDP.PCAP.PP.CD,Peru,PER,..,..,..,..,..,3351.985817,3467.91244,3456.711406,3650.292009,4105.180592,4416.124259,4537.799352,4826.262011,4776.20582,4834.647834,5000.778712,5076.387272,5373.09604,5647.669109,6027.773555,6548.048287,7198.505639,7961.296296,8791.258632,8881.925515,9664.271272,10400.94848,10679.79775,11196.37773,11410.32919,11481.46456,11933.60033,12442.74646,13001.46125,13275.28157,11813.98844,13830.57026,15047.51833
"GDP per capita, PPP (current international $)",NY.GDP.PCAP.PP.CD,Suriname,SUR,..,..,..,..,..,6487.968534,6835.070577,6959.573054,6602.279332,6904.323288,6920.250285,6967.584904,7341.980587,7449.610864,7310.938036,7497.480531,7850.773452,8059.59138,8595.719644,9449.316872,10072.75834,10863.02299,11595.30412,12169.23295,12474.99731,13129.33464,14030.2129,15308.15694,16318.60062,16764.04271,16721.29593,14633.19259,17753.06027,18881.61533,19231.65119,16187.82332,16294.48937,17619.80293
"GDP per capita, PPP (current international $)",NY.GDP.PCAP.PP.CD,Uruguay,URY,..,..,..,..,..,6655.413075,7082.249592,7772.67407,8121.976465,8848.663184,8852.494314,9463.334366,10390.00245,10922.45637,10853.75585,10841.59098,10631.54923,9945.823793,10212.17121,10999.10049,12176.09356,13048.08388,14250.00278,15530.64543,16254.33213,17688.37794,18937.2042,19290.29345,20445.55621,21645.11895,21948.7664,22618.69178,23384.74019,23950.39333,24551.74617,23309.78652,25663.41061,28841.9857
"GDP per capita, PPP (current international $)",NY.GDP.PCAP.PP.CD,Venezuela,VEN,..,..,..,..,..,9533.132896,10560.14168,11192.93492,11233.84831,10961.48387,11388.11626,11335.3514,12017.63143,11946.8376,11171.7256,11622.6067,12064.37702,10968.66769,10137.17807,12103.94211,13543.36548,15094.29176,16600.11919,17550.80994,16859.8308,16581.81882,17402.27566,..,..,..,..,..,..,..,..,..,..,..
"GDP per capita, PPP (constant 2017 international $)",NY.GDP.PCAP.PP.KD,Chile,CHL,..,..,..,..,..,9701.823791,10290.03966,11256.20948,11812.64938,12221.5077,13122.94634,13825.1562,14652.77519,15074.58011,14855.35718,15415.75429,15725.60116,16053.65461,16636.65375,17571.0248,18415.75499,19339.48762,20140.52965,20695.56256,20255.09878,21225.10386,22323.72308,23467.97873,24011.59101,24197.18328,24464.74566,24599.37463,24546.91242,25071.99007,24809.86097,22970.55044,25412.75207,25886.12136
"GDP per capita, PPP (constant 2017 international $)",NY.GDP.PCAP.PP.KD,Bolivia,BOL,..,..,..,..,..,4437.866831,4575.706751,4556.993454,4657.030399,4779.839228,4909.178259,5028.444098,5181.416504,5343.957412,5270.027543,5305.619261,5300.314339,5337.765853,5387.581774,5515.655819,5660.57482,5829.371333,5989.689927,6248.933958,6349.007914,6499.818158,6724.300673,6952.738376,7305.227988,7581.598428,7825.766748,8034.172725,8244.933446,8466.2932,8528.748804,7679.933194,8052.177441,8201.183799
"GDP per capita, PPP (constant 2017 international $)",NY.GDP.PCAP.PP.KD,Argentina,ARG,..,..,..,..,..,14136.5254,15209.48763,16190.51071,17282.96499,18046.89292,17303.92385,18031.54819,19261.89862,19773.17637,18884.94311,18524.80961,17514.5041,15439.74463,16631.57398,17950.15128,19338.14619,20679.2431,22316.25553,22992.39018,21413.28312,23521.27018,24647.62927,24118.86752,24424.13645,23550.09906,23933.88661,23189.52745,23597.11775,22747.24166,22071.7481,19685.21587,21527.19614,22447.08848
"GDP per capita, PPP (constant 2017 international $)",NY.GDP.PCAP.PP.KD,Brazil,BRA,..,..,..,..,..,10401.84244,10328.95712,10103.78794,10431.40966,10867.75092,11151.19164,11224.39946,11432.65057,11304.097,11196.83853,11529.48662,11536.36383,11739.43184,11733.4112,12268.66383,12520.85499,12877.44418,13518.84778,14067.94581,13916.96323,14824.74115,15271.46935,15425.35293,15751.48445,15695.6431,15011.57719,14402.49401,14477.86177,14619.59113,14685.12789,14109.76397,14735.58178,15093.46512
"GDP per capita, PPP (constant 2017 international $)",NY.GDP.PCAP.PP.KD,Colombia,COL,..,..,..,..,..,8434.959336,8430.222989,8598.992021,8885.186845,9220.501993,9518.260141,9538.272551,9691.028324,9578.656012,9023.621233,9138.318915,9146.404852,9232.627395,9453.328556,9816.277588,10150.70792,10692.72765,11272.57798,11507.52583,11507.71711,11890.20308,12578.01563,12934.96575,13465.07504,13938.23152,14215.68825,14358.16822,14334.91461,14426.43438,14616.13512,13358.29808,14661.21324,15651.58206
"GDP per capita, PPP (constant 2017 international $)",NY.GDP.PCAP.PP.KD,Ecuador,ECU,..,..,..,..,..,8120.001161,8281.087175,8279.568276,8277.1545,8466.248745,8496.696732,8487.086198,8697.353726,8825.486974,8263.37727,8211.711254,8395.832658,8589.283867,8670.21074,9220.325409,9542.224995,9792.42182,9836.419105,10284.95427,10170.65094,10355.82266,10988.72211,11424.15233,11806.92384,12073.81042,11908.21578,11587.8253,11679.43023,11608.41905,11390.21697,10356.9742,10668.75829,10859.21783
"GDP per capita, PPP (constant 2017 international $)",NY.GDP.PCAP.PP.KD,Guyana,GUY,..,..,..,..,..,4818.387995,5131.020155,5522.384552,5956.328067,6444.218961,6749.160113,7267.894139,7700.340088,7556.175332,7766.33261,7649.94956,7816.526114,7899.714152,7847.303431,7971.43079,7823.267499,8239.124692,8853.169801,9036.88507,9399.297185,9831.809397,10394.14229,10946.45463,11293.94962,11427.87307,11446.76348,11819.15486,12193.62168,12374.2195,12820.4897,18430.56975,21925.18686,34420.06751
"GDP per capita, PPP (constant 2017 international $)",NY.GDP.PCAP.PP.KD,Paraguay,PRY,..,..,..,..,..,8818.629371,8888.478298,8808.78439,9013.589457,9262.535569,9661.068899,9588.724014,9774.315237,9572.053715,9248.593736,8862.143692,8640.302839,8515.946667,8773.13853,9022.79829,9113.411751,9451.760557,9865.326417,10403.84054,10272.17718,11281.25573,11613.16858,11376.4073,12150.97152,12616.41423,12806.09668,13163.74019,13604.17472,13848.49911,13609.72301,13317.32112,13676.39021,13531.39666
"GDP per capita, PPP (constant 2017 international $)",NY.GDP.PCAP.PP.KD,Peru,PER,..,..,..,..,..,5240.257623,5244.144642,5110.73742,5271.981886,5804.999328,6116.438775,6171.955202,6453.021339,6315.015417,6303.456053,6375.616316,6329.41288,6596.550192,6799.449665,7067.355609,7443.931118,7938.434952,8548.604027,9262.151136,9298.078003,9996.937323,10539.98196,11084.87394,11620.64445,11773.94413,12015.18716,12321.31815,12442.74646,12696.23629,12735.16828,11187.34379,12533.84142,12743.94239
"GDP per capita, PPP (constant 2017 international $)",NY.GDP.PCAP.PP.KD,Suriname,SUR,..,..,..,..,..,13633.75079,13893.3089,13831.17875,12817.29402,13123.42446,12883.54267,12738.42975,13195.37047,13239.7907,12812.77318,12848.60664,13157.61806,13300.30016,13910.50549,14892.12177,15391.9994,16102.72552,16735.92449,17233.76481,17554.26579,18255.62582,19111.17257,19415.57761,19778.30641,19629.22325,18768.79489,17662.68212,17753.06027,18438.34667,18449.19921,15329.17911,14766.748,14922.44426
"GDP per capita, PPP (constant 2017 international $)",NY.GDP.PCAP.PP.KD,Uruguay,URY,..,..,..,..,..,11112.7364,11438.61117,12274.0089,12528.62931,13364.20419,13095.39298,13747.29312,14837.59071,15424.3628,15114.34963,14762.94787,14157.96276,13041.53046,13131.6149,13773.76651,14784.06898,15368.61788,16342.62796,17476.15318,18174.00819,19542.55747,20496.43436,21161.85653,22077.4483,22722.05011,22731.52063,23041.50524,23384.74019,23388.129,23552.84273,22073.37487,23257.25641,24426.65935
"GDP per capita, PPP (constant 2017 international $)",NY.GDP.PCAP.PP.KD,"Venezuela, RB",VEN,..,..,..,..,..,..,..,..,..,..,..,..,..,..,..,..,..,..,..,..,..,..,..,..,..,..,..,..,..,..,..,..,..,..,..,..,..,..
,,,,,,,,,,,,,,,,,,,,,,,,,,,,,,,,,,,,,,,,,
,,,,,,,,,,,,,,,,,,,,,,,,,,,,,,,,,,,,,,,,,
,,,,,,,,,,,,,,,,,,,,,,,,,,,,,,,,,,,,,,,,,
Data from database: World Development Indicators,,,,,,,,,,,,,,,,,,,,,,,,,,,,,,,,,,,,,,,,,
Last Updated: 10/26/2023,,,,,,,,,,,,,,,,,,,,,,,,,,,,,,,,,,,,,,,,,
Code,License Type,Indicator Name,Short definition,Long definition,Source,Topic,Unit of measure,Periodicity,Base Period,Aggregation method,Statistical concept and methodology,Development relevance,Limitations and exceptions,General comments,Related source links,License URL,,,,,,,,,,,,,,,,,,,,,,,,,
VC.IHR.PSRC.P5,CC BY-4.0,"Intentional homicides (per 100,000 people)",,"Intentional homicides are estimates of unlawful homicides purposely inflicted as a result of domestic disputes, interpersonal violence, violent conflicts over land resources, intergang violence over turf or control, and predatory violence and killing by armed groups. Intentional homicide does not include all intentional killing; the difference is usually in the organization of the killing. Individuals or small groups usually commit homicide, whereas killing in armed conflict is usually committed by fairly cohesive groups of up to several hundred members and is thus usually excluded.",UN Office on Drugs and Crime's International Homicide Statistics database.,Public Sector: Conflict & fragility,,Annual,,Weighted average,"The definitions used to produce data are in line with the homicide definition used in the UNODC Homicide Statistics dataset. On the basis of these selection criteria and subject to data availability, a long and continuous time series including recent data on homicide counts and rates has been identified or created at country level. Data included in the dataset correspond to the original value provided by the source of origin, since no statistical procedure or modeling was used to change collected values or to create new or revised figures.

The intentional killing of a human being by another is the ultimate crime. Its indisputable physical consequences manifested in the form of a dead body also make it the most categorical and calculable. All existing data sources on intentional homicides, both at national and international level, stem from either criminal justice or public health systems. In the former case, data are generated by law enforcement or criminal justice authorities in the process of recording and investigating a crime event. In the latter, data are produced by health authorities certifying the cause of death of an individual.
 
Criminal justice data were collected through UNODC regular collections of crime data from Member States, through publicly available data produced by national government sources and from data compiled by other international and regional agencies, including from Interpol, Eurostat, the Organization of American States and UNICEF. Public health data on homicides were mainly derived from databases on deaths by cause disseminated by the World Health Organization (WHO).

The inclusion of recent data was given a higher priority in the selection process than the length of the time series (number of years covered). An analysis of official reports and research literature is regularly carried out to verify homicide data used by government agencies and the scientific community.

As a result of the data collection and validation process, in many countries several homicide datasets have become available from different or multiple sources. Therefore, data series have been selected to provide the most appropriate reference counts.","In some regions, organized crime, drug trafficking and the violent cultures of youth gangs are predominantly responsible for the high levels of homicide. There has been a sharp increase in homicides in some countries, particularly in Central America, are making the activities of organized crime and drug trafficking more visible. Greater use of firearms is often associated with the illicit activities of organized criminal groups, which are often linked to drug trafficking.

Knowledge of the patterns and causes of violent crime are crucial to forming preventive strategies. Young males are the group most affected by violent crime in all regions, particularly in the Americas. Yet women of all ages are the victims of intimate partner and family-related violence in all regions and countries. Indeed, in many of them, it is within the home where a woman is most likely to be killed.

Data on intentional homicides are from the United Nations Office on Drugs and Crime (UNODC), which uses a variety of national and international sources on homicides - primarily criminal justice sources as well as public health data from the World Health Organization (WHO) and the Pan American Health Organization - and the United Nations Survey of Crime Trends and Operations of Criminal Justice Systems to present accurate and comparable statistics. The UNODC defines homicide as unlawful death purposefully inflicted on a person by another person."" This definition excludes deaths arising from armed conflict.""","Statistics reported to the United Nations in the context of its various surveys on crime levels and criminal justice trends are incidents of victimization that have been reported to the authorities in any given country. That means that this data is subject to the problems of accuracy of all official crime data. The survey results provide an overview of trends and interrelationships between various parts of the criminal justice system to promote informed decision-making in administration, nationally and internationally.

The degree to which different societies apportion the level of culpability to acts resulting in death is also subject to variation. Consequently, the comparison between countries and regions of intentional homicide""", or unlawful death purposefully inflicted on a person by another person, is also a comparison of the extent to which different countries deem that a killing be classified as such," as well as the capacity of their legal systems to record it. Caution should therefore be applied when evaluating and comparing homicide data.""",,,https://datacatalog.worldbank.org/public-licenses#cc-by,,,,,,,,,,,,,,,,,,,,,,
SI.POV.NAHC,CC BY-4.0,Poverty headcount ratio at national poverty lines (% of population),National poverty headcount ratio is the percentage of the population living below the national poverty line(s).,"National poverty headcount ratio is the percentage of the population living below the national poverty line(s). National estimates are based on population-weighted subgroup estimates from household surveys. For economies for which the data are from EU-SILC, the reported year is the income reference year, which is the year before the survey year.","World Bank, Poverty and Inequality Platform. Data are compiled from official government sources or are computed by World Bank staff using national (i.e. country–specific) poverty lines.",Poverty: Poverty rates,%,Annual,,,"Poverty headcount ratio among the population is measured based on national (i.e. country-specific) poverty lines. A country may have a unique national poverty line or separate poverty lines for rural and urban areas, or for different geographic areas to reflect differences in the cost of living or sometimes to reflect differences in diets and consumption baskets.

Poverty estimates at national poverty lines are computed from household survey data collected from nationally representative samples of households. These data must contain sufficiently detailed information to compute a comprehensive estimate of total household income or consumption (including consumption or income from own production), from which it is possible to construct a correctly weighted distribution of per capita consumption or income. 

National poverty lines are the benchmark for estimating poverty indicators that are consistent with the country's specific economic and social circumstances. National poverty lines reflect local perceptions of the level and composition of consumption or income needed to be non-poor. The perceived boundary between poor and non-poor typically rises with the average income of a country and thus does not provide a uniform measure for comparing poverty rates across countries. While poverty rates at national poverty lines should not be used for comparing poverty rates across countries, they are appropriate for guiding and monitoring the results of country-specific national poverty reduction strategies. 

Almost all national poverty lines in developing economies are anchored to the cost of a food bundle - based on the prevailing national diet of the poor - that provides adequate nutrition for good health and normal activity, plus an allowance for nonfood spending. National poverty lines must be adjusted for inflation between survey years to remain constant in real terms and thus allow for meaningful comparisons of poverty over time. Because diets and consumption baskets change over time, countries periodically recalculate the poverty line based on new survey data. In such cases the new poverty lines should be deflated to obtain comparable poverty estimates from earlier years. 

This series only includes estimates that to the best of our knowledge are reasonably comparable over time for a country. For economies for which the data are from EU-SILC, the reported year is the income reference year, which is the year before the survey year. For all other economies, the year reported is the year in which the underlying household survey data were collected or, when the data collection period bridged two calendar years, the year in which data collection started.",The poverty rate as defined by national poverty lines reflects the share of the population that fails to meet the standard a country thinks is necessarty to cover basic needs.,,"This series only includes estimates that to the best of our knowledge are reasonably comparable over time for a country. Due to differences in estimation methodologies and poverty lines, estimates should not be compared across countries.","World Bank, Poverty and Inequality Platform: https://pip.worldbank.org/",https://datacatalog.worldbank.org/public-licenses#cc-by,,,,,,,,,,,,,,,,,,,,,,,,,
NY.GDP.PCAP.PP.CD,CC BY-4.0,"GDP per capita, PPP (current international $)",,"This indicator provides per capita values for gross domestic product (GDP) expressed in current international dollars converted by purchasing power parity (PPP) conversion factor. 

GDP is the sum of gross value added by all resident producers in the country plus any product taxes and minus any subsidies not included in the value of the products. conversion factor is a spatial price deflator and currency converter that controls for price level differences between countries. Total population is a mid-year population based on the de facto definition of population, which counts all residents regardless of legal status or citizenship.","International Comparison Program, World Bank | World Development Indicators database, World Bank | Eurostat-OECD PPP Programme.",Economic Policy & Debt: Purchasing power parity,,Annual,,Weighted average,"Typically, higher income countries have higher price levels, while lower income countries have lower price levels (Balassa-Samuelson effect). Market exchange rate-based cross-country comparisons of GDP at its expenditure components reflect both differences in economic outputs (volumes) and prices. Given the differences in price levels, the size of higher income countries is inflated, while the size of lower income countries is depressed in the comparison. PPP-based cross-country comparisons of GDP at its expenditure components only reflect differences in economic outputs (volume), as PPPs control for price level differences between the countries. Hence, the comparison reflects the real size of the countries.

For more information on underlying GDP in current international dollar, please refer to the metadata for GDP"," PPP (current international $)"" [NY.GDP.MKTP.PP.CD].",,,,,,,,,,,,,,,,,,,,,,,,,,,,,
For more information on underlying population," please refer to the metadata for ""total population” [SP.POP.TOTL]. ",,,,,,,,,,,,,,,,,,,,,,,,,,,,,,,,,,,,,,,,
For the concept and methodology of PPP," please refer to the International Comparison Program (ICP)’s website (https://www.worldbank.org/en/programs/icp).""",,,,,https://datacatalog.worldbank.org/public-licenses#cc-by,,,,,,,,,,,,,,,,,,,,,,,,,,,,,,,,,,,
NY.GDP.PCAP.PP.KD,CC BY-4.0,"GDP per capita, PPP (constant 2017 international $)",,GDP per capita based on purchasing power parity (PPP). PPP GDP is gross domestic product converted to international dollars using purchasing power parity rates. An international dollar has the same purchasing power over GDP as the U.S. dollar has in the United States. GDP at purchaser's prices is the sum of gross value added by all resident producers in the country plus any product taxes and minus any subsidies not included in the value of the products. It is calculated without making deductions for depreciation of fabricated assets or for depletion and degradation of natural resources. Data are in constant 2017 international dollars.,"International Comparison Program, World Bank | World Development Indicators database, World Bank | Eurostat-OECD PPP Programme.",Economic Policy & Debt: Purchasing power parity,,Annual,2017,Weighted average,"For the concept and methodology of 2017 PPP, please refer to the International Comparison Program (ICP)’s website (https://www.worldbank.org/en/programs/icp).",,,,,https://datacatalog.worldbank.org/public-licenses#cc-by,,,,,,,,,,,,,,,,,,,,,,,,,